file_name,speaker,type,target,category1,category2
RB_BR_P1_MI_T1_01.wav,Jiwoong,BR,P1,MI,T1
RB_BR_P1_MI_T2_01.wav,Jiwoong,BR,P1,MI,T2
RB_BR_P1_MI_T3_01.wav,Jiwoong,BR,P1,MI,T3
RB_BR_P1_MI_ST_01.wav,Jiwoong,BR,P1,MI,ST
RB_BR_P1_MI_E_01.wav,Jiwoong,BR,P1,MI,E
RB_BR_P1_MI_E_02.wav,Jiwoong,BR,P1,MI,E
RB_BR_P1_MI_E_03.wav,Jiwoong,BR,P1,MI,E
RB_BR_P1_MI_E_04.wav,Jiwoong,BR,P1,MI,E
RB_BR_P1_MI_E_05.wav,Jiwoong,BR,P1,MI,E
RB_BR_P1_MI_E_06.wav,Jiwoong,BR,P1,MI,E
RB_BR_P1_MI_SR_01.wav,Jiwoong,BR,P1,MI,SR
RB_BR_P1_MI_SR_02.wav,Jiwoong,BR,P1,MI,SR
RB_BR_P1_MI_SR_03.wav,Jiwoong,BR,P1,MI,SR
RB_BR_P1_MI_SR_04.wav,Jiwoong,BR,P1,MI,SR
RB_BR_P1_MI_SR_05.wav,Jiwoong,BR,P1,MI,SR
RB_BR_P1_MI_SR_06.wav,Jiwoong,BR,P1,MI,SR
RB_BR_P1_MI_SR_07.wav,Jiwoong,BR,P1,MI,SR
RB_BR_P1_MI_SR_08.wav,Jiwoong,BR,P1,MI,SR
RB_BR_P1_MI_SR_09.wav,Jiwoong,BR,P1,MI,SR
RB_BR_P1_MI_C1_01.wav,Jiwoong,BR,P1,MI,C1
RB_BR_P1_MI_C1_02.wav,Jiwoong,BR,P1,MI,C1
RB_BR_P1_MI_C1_03.wav,Jiwoong,BR,P1,MI,C1
RB_BR_P1_MI_C1_04.wav,Jiwoong,BR,P1,MI,C1
RB_BR_P1_MI_C1_05.wav,Jiwoong,BR,P1,MI,C1
RB_BR_P1_MI_C1_06.wav,Jiwoong,BR,P1,MI,C1
RB_BR_P1_MI_C2_01.wav,Jiwoong,BR,P1,MI,C2
RB_BR_P1_MI_C2_02.wav,Jiwoong,BR,P1,MI,C2
RB_BR_P1_MI_C3_01.wav,Jiwoong,BR,P1,MI,C3
RB_BR_P1_MI_C3_02.wav,Jiwoong,BR,P1,MI,C3
RB_BR_P1_MI_C3_03.wav,Jiwoong,BR,P1,MI,C3
RB_BR_P1_MI_C3_04.wav,Jiwoong,BR,P1,MI,C3
RB_BR_P1_MI_C3_05.wav,Jiwoong,BR,P1,MI,C3
RB_BR_P1_MI_C3_06.wav,Jiwoong,BR,P1,MI,C3
RB_BR_P1_MI_T_01.wav,Jiwoong,BR,P1,MI,T
RB_BR_P1_MI_T_02.wav,Jiwoong,BR,P1,MI,T
RB_BR_P1_MI_T_03.wav,Jiwoong,BR,P1,MI,T
RB_BR_P1_CS_AL1_01.wav,Jiwoong,BR,P1,CS,AL1
RB_BR_P1_CS_AL1_02.wav,Jiwoong,BR,P1,CS,AL1
RB_BR_P1_CS_AL1_03.wav,Jiwoong,BR,P1,CS,AL1
RB_BR_P1_CS_AL2_01.wav,Jiwoong,BR,P1,CS,AL2
RB_BR_P1_CS_AL2_02.wav,Jiwoong,BR,P1,CS,AL2
RB_BR_P1_CS_AL2_03.wav,Jiwoong,BR,P1,CS,AL2
RB_BR_P1_CS_RS_01.wav,Jiwoong,BR,P1,CS,RS
RB_BR_P1_CS_RS_02.wav,Jiwoong,BR,P1,CS,RS
RB_BR_P1_CS_RS_03.wav,Jiwoong,BR,P1,CS,RS
RB_BR_P1_CS_RS_04.wav,Jiwoong,BR,P1,CS,RS
RB_BR_P1_CS_RS_05.wav,Jiwoong,BR,P1,CS,RS
RB_BR_P1_CS_RF_01.wav,Jiwoong,BR,P1,CS,RF
RB_BR_P1_CS_RF_02.wav,Jiwoong,BR,P1,CS,RF
RB_BR_P1_CS_RF_03.wav,Jiwoong,BR,P1,CS,RF
RB_BR_P1_CS_RF_04.wav,Jiwoong,BR,P1,CS,RF
RB_BR_P1_CS_RF_05.wav,Jiwoong,BR,P1,CS,RF
RB_BR_P1_CS_RF_06.wav,Jiwoong,BR,P1,CS,RF
RB_BR_P1_CS_RF_07.wav,Jiwoong,BR,P1,CS,RF
RB_BR_P1_CS_RF_08.wav,Jiwoong,BR,P1,CS,RF
RB_BR_P1_CS_CF_01.wav,Jiwoong,BR,P1,CS,CF
RB_BR_P1_CS_CF_02.wav,Jiwoong,BR,P1,CS,CF
RB_BR_P1_CS_CF_03.wav,Jiwoong,BR,P1,CS,CF
RB_BR_P1_CS_CF_04.wav,Jiwoong,BR,P1,CS,CF
RB_BR_P1_CS_CF_05.wav,Jiwoong,BR,P1,CS,CF
RB_BR_P1_CS_CF_06.wav,Jiwoong,BR,P1,CS,CF
RB_BR_P1_CS_CF_07.wav,Jiwoong,BR,P1,CS,CF
RB_BR_P1_CS_CF_08.wav,Jiwoong,BR,P1,CS,CF
RB_BR_P1_CS_CF_09.wav,Jiwoong,BR,P1,CS,CF
RB_BR_P1_CS_CS_01.wav,Jiwoong,BR,P1,CS,CS
RB_BR_P1_CS_CS_02.wav,Jiwoong,BR,P1,CS,CS
RB_BR_P1_CS_CS_03.wav,Jiwoong,BR,P1,CS,CS
RB_BR_P1_CS_CS_04.wav,Jiwoong,BR,P1,CS,CS
RB_BR_P1_CS_CS_05.wav,Jiwoong,BR,P1,CS,CS
RB_BR_P1_CS_CS_06.wav,Jiwoong,BR,P1,CS,CS
RB_BR_P1_CS_CS_07.wav,Jiwoong,BR,P1,CS,CS
RB_BR_P1_CS_CS_08.wav,Jiwoong,BR,P1,CS,CS
RB_BR_P1_CS_CS_09.wav,Jiwoong,BR,P1,CS,CS
RB_BR_P1_CS_CS_10.wav,Jiwoong,BR,P1,CS,CS
RB_BR_P1_OT_F_01.wav,Jiwoong,BR,P1,OT,F
RB_BR_P1_OT_F_02.wav,Jiwoong,BR,P1,OT,F
RB_BR_P1_OT_F_03.wav,Jiwoong,BR,P1,OT,F
RB_BR_P1_OT_F_04.wav,Jiwoong,BR,P1,OT,F
RB_BR_P1_OT_F_05.wav,Jiwoong,BR,P1,OT,F
RB_BR_P1_OT_F_06.wav,Jiwoong,BR,P1,OT,F
RB_BR_P1_OT_F_07.wav,Jiwoong,BR,P1,OT,F
RB_BR_P1_OT_F_08.wav,Jiwoong,BR,P1,OT,F
RB_BR_P1_OT_F_09.wav,Jiwoong,BR,P1,OT,F
RB_BR_P1_OT_F_10.wav,Jiwoong,BR,P1,OT,F
RB_BR_P1_OT_S_01.wav,Jiwoong,BR,P1,OT,S
RB_BR_P1_OT_S_02.wav,Jiwoong,BR,P1,OT,S
RB_BR_P1_OT_S_03.wav,Jiwoong,BR,P1,OT,S
RB_BR_P1_OT_S_04.wav,Jiwoong,BR,P1,OT,S
RB_BR_P1_OT_S_05.wav,Jiwoong,BR,P1,OT,S
RB_BR_P1_OT_S_06.wav,Jiwoong,BR,P1,OT,S
RB_BR_P1_OT_S_07.wav,Jiwoong,BR,P1,OT,S
RB_BR_P1_OT_S_08.wav,Jiwoong,BR,P1,OT,S
RB_BR_P1_OT_S_09.wav,Jiwoong,BR,P1,OT,S
RB_BR_P1_CO_D1_01.wav,Jiwoong,BR,P1,CO,D1
RB_BR_P1_CO_D2_01.wav,Jiwoong,BR,P1,CO,D2
RB_BR_P1_CO_D2_02.wav,Jiwoong,BR,P1,CO,D2
RB_BR_P1_CO_D2_03.wav,Jiwoong,BR,P1,CO,D2
RB_BR_P1_CO_D2_04.wav,Jiwoong,BR,P1,CO,D2
RB_BR_P1_CO_D2_05.wav,Jiwoong,BR,P1,CO,D2
RB_BR_P1_CO_D3_01.wav,Jiwoong,BR,P1,CO,D3
RB_BR_P1_CO_D3_02.wav,Jiwoong,BR,P1,CO,D3
RB_BR_P1_CO_D3_03.wav,Jiwoong,BR,P1,CO,D3
RB_BR_P1_CO_D3_04.wav,Jiwoong,BR,P1,CO,D3
RB_BR_P2_MI_T1_01.wav,Jiwoong,BR,P2,MI,T1
RB_BR_P2_MI_T2_01.wav,Jiwoong,BR,P2,MI,T2
RB_BR_P2_MI_T3_01.wav,Jiwoong,BR,P2,MI,T3
RB_BR_P2_MI_ST_01.wav,Jiwoong,BR,P2,MI,ST
RB_BR_P2_MI_E_01.wav,Jiwoong,BR,P2,MI,E
RB_BR_P2_MI_E_02.wav,Jiwoong,BR,P2,MI,E
RB_BR_P2_MI_E_03.wav,Jiwoong,BR,P2,MI,E
RB_BR_P2_MI_E_04.wav,Jiwoong,BR,P2,MI,E
RB_BR_P2_MI_E_05.wav,Jiwoong,BR,P2,MI,E
RB_BR_P2_MI_E_06.wav,Jiwoong,BR,P2,MI,E
RB_BR_P2_MI_SR_01.wav,Jiwoong,BR,P2,MI,SR
RB_BR_P2_MI_SR_02.wav,Jiwoong,BR,P2,MI,SR
RB_BR_P2_MI_SR_03.wav,Jiwoong,BR,P2,MI,SR
RB_BR_P2_MI_SR_04.wav,Jiwoong,BR,P2,MI,SR
RB_BR_P2_MI_SR_05.wav,Jiwoong,BR,P2,MI,SR
RB_BR_P2_MI_SR_06.wav,Jiwoong,BR,P2,MI,SR
RB_BR_P2_MI_SR_07.wav,Jiwoong,BR,P2,MI,SR
RB_BR_P2_MI_SR_08.wav,Jiwoong,BR,P2,MI,SR
RB_BR_P2_MI_SR_09.wav,Jiwoong,BR,P2,MI,SR
RB_BR_P2_MI_C1_01.wav,Jiwoong,BR,P2,MI,C1
RB_BR_P2_MI_C1_02.wav,Jiwoong,BR,P2,MI,C1
RB_BR_P2_MI_C1_03.wav,Jiwoong,BR,P2,MI,C1
RB_BR_P2_MI_C1_04.wav,Jiwoong,BR,P2,MI,C1
RB_BR_P2_MI_C1_05.wav,Jiwoong,BR,P2,MI,C1
RB_BR_P2_MI_C1_06.wav,Jiwoong,BR,P2,MI,C1
RB_BR_P2_MI_C2_01.wav,Jiwoong,BR,P2,MI,C2
RB_BR_P2_MI_C2_02.wav,Jiwoong,BR,P2,MI,C2
RB_BR_P2_MI_C3_01.wav,Jiwoong,BR,P2,MI,C3
RB_BR_P2_MI_C3_02.wav,Jiwoong,BR,P2,MI,C3
RB_BR_P2_MI_C3_03.wav,Jiwoong,BR,P2,MI,C3
RB_BR_P2_MI_C3_04.wav,Jiwoong,BR,P2,MI,C3
RB_BR_P2_MI_C3_05.wav,Jiwoong,BR,P2,MI,C3
RB_BR_P2_MI_C3_06.wav,Jiwoong,BR,P2,MI,C3
RB_BR_P2_MI_T_01.wav,Jiwoong,BR,P2,MI,T
RB_BR_P2_MI_T_02.wav,Jiwoong,BR,P2,MI,T
RB_BR_P2_MI_T_03.wav,Jiwoong,BR,P2,MI,T
RB_BR_P2_CS_AL1_01.wav,Jiwoong,BR,P2,CS,AL1
RB_BR_P2_CS_AL1_02.wav,Jiwoong,BR,P2,CS,AL1
RB_BR_P2_CS_AL1_03.wav,Jiwoong,BR,P2,CS,AL1
RB_BR_P2_CS_AL2_01.wav,Jiwoong,BR,P2,CS,AL2
RB_BR_P2_CS_AL2_02.wav,Jiwoong,BR,P2,CS,AL2
RB_BR_P2_CS_AL2_03.wav,Jiwoong,BR,P2,CS,AL2
RB_BR_P2_CS_RS_01.wav,Jiwoong,BR,P2,CS,RS
RB_BR_P2_CS_RS_02.wav,Jiwoong,BR,P2,CS,RS
RB_BR_P2_CS_RS_03.wav,Jiwoong,BR,P2,CS,RS
RB_BR_P2_CS_RS_04.wav,Jiwoong,BR,P2,CS,RS
RB_BR_P2_CS_RS_05.wav,Jiwoong,BR,P2,CS,RS
RB_BR_P2_CS_RF_01.wav,Jiwoong,BR,P2,CS,RF
RB_BR_P2_CS_RF_02.wav,Jiwoong,BR,P2,CS,RF
RB_BR_P2_CS_RF_03.wav,Jiwoong,BR,P2,CS,RF
RB_BR_P2_CS_RF_04.wav,Jiwoong,BR,P2,CS,RF
RB_BR_P2_CS_RF_05.wav,Jiwoong,BR,P2,CS,RF
RB_BR_P2_CS_RF_06.wav,Jiwoong,BR,P2,CS,RF
RB_BR_P2_CS_RF_07.wav,Jiwoong,BR,P2,CS,RF
RB_BR_P2_CS_RF_08.wav,Jiwoong,BR,P2,CS,RF
RB_BR_P2_CS_CF_01.wav,Jiwoong,BR,P2,CS,CF
RB_BR_P2_CS_CF_02.wav,Jiwoong,BR,P2,CS,CF
RB_BR_P2_CS_CF_03.wav,Jiwoong,BR,P2,CS,CF
RB_BR_P2_CS_CF_04.wav,Jiwoong,BR,P2,CS,CF
RB_BR_P2_CS_CF_05.wav,Jiwoong,BR,P2,CS,CF
RB_BR_P2_CS_CF_06.wav,Jiwoong,BR,P2,CS,CF
RB_BR_P2_CS_CF_07.wav,Jiwoong,BR,P2,CS,CF
RB_BR_P2_CS_CF_08.wav,Jiwoong,BR,P2,CS,CF
RB_BR_P2_CS_CF_09.wav,Jiwoong,BR,P2,CS,CF
RB_BR_P2_CS_CS_01.wav,Jiwoong,BR,P2,CS,CS
RB_BR_P2_CS_CS_02.wav,Jiwoong,BR,P2,CS,CS
RB_BR_P2_CS_CS_03.wav,Jiwoong,BR,P2,CS,CS
RB_BR_P2_CS_CS_04.wav,Jiwoong,BR,P2,CS,CS
RB_BR_P2_CS_CS_05.wav,Jiwoong,BR,P2,CS,CS
RB_BR_P2_CS_CS_06.wav,Jiwoong,BR,P2,CS,CS
RB_BR_P2_CS_CS_07.wav,Jiwoong,BR,P2,CS,CS
RB_BR_P2_CS_CS_08.wav,Jiwoong,BR,P2,CS,CS
RB_BR_P2_CS_CS_09.wav,Jiwoong,BR,P2,CS,CS
RB_BR_P2_CS_CS_10.wav,Jiwoong,BR,P2,CS,CS
RB_BR_P2_OT_F_01.wav,Jiwoong,BR,P2,OT,F
RB_BR_P2_OT_F_02.wav,Jiwoong,BR,P2,OT,F
RB_BR_P2_OT_F_03.wav,Jiwoong,BR,P2,OT,F
RB_BR_P2_OT_F_04.wav,Jiwoong,BR,P2,OT,F
RB_BR_P2_OT_F_05.wav,Jiwoong,BR,P2,OT,F
RB_BR_P2_OT_F_06.wav,Jiwoong,BR,P2,OT,F
RB_BR_P2_OT_F_07.wav,Jiwoong,BR,P2,OT,F
RB_BR_P2_OT_F_08.wav,Jiwoong,BR,P2,OT,F
RB_BR_P2_OT_F_09.wav,Jiwoong,BR,P2,OT,F
RB_BR_P2_OT_F_10.wav,Jiwoong,BR,P2,OT,F
RB_BR_P2_OT_S_01.wav,Jiwoong,BR,P2,OT,S
RB_BR_P2_OT_S_02.wav,Jiwoong,BR,P2,OT,S
RB_BR_P2_OT_S_03.wav,Jiwoong,BR,P2,OT,S
RB_BR_P2_OT_S_04.wav,Jiwoong,BR,P2,OT,S
RB_BR_P2_OT_S_05.wav,Jiwoong,BR,P2,OT,S
RB_BR_P2_OT_S_06.wav,Jiwoong,BR,P2,OT,S
RB_BR_P2_OT_S_07.wav,Jiwoong,BR,P2,OT,S
RB_BR_P2_OT_S_08.wav,Jiwoong,BR,P2,OT,S
RB_BR_P2_OT_S_09.wav,Jiwoong,BR,P2,OT,S
RB_BR_P2_CO_D1_01.wav,Jiwoong,BR,P2,CO,D1
RB_BR_P2_CO_D2_01.wav,Jiwoong,BR,P2,CO,D2
RB_BR_P2_CO_D2_02.wav,Jiwoong,BR,P2,CO,D2
RB_BR_P2_CO_D2_03.wav,Jiwoong,BR,P2,CO,D2
RB_BR_P2_CO_D2_04.wav,Jiwoong,BR,P2,CO,D2
RB_BR_P2_CO_D2_05.wav,Jiwoong,BR,P2,CO,D2
RB_BR_P2_CO_D3_01.wav,Jiwoong,BR,P2,CO,D3
RB_BR_P2_CO_D3_02.wav,Jiwoong,BR,P2,CO,D3
RB_BR_P2_CO_D3_03.wav,Jiwoong,BR,P2,CO,D3
RB_BR_P2_CO_D3_04.wav,Jiwoong,BR,P2,CO,D3
RB_BR_ML_MI_T1_01.wav,Jiwoong,BR,ML,MI,T1
RB_BR_ML_MI_T2_01.wav,Jiwoong,BR,ML,MI,T2
RB_BR_ML_MI_T3_01.wav,Jiwoong,BR,ML,MI,T3
RB_BR_ML_MI_ST_01.wav,Jiwoong,BR,ML,MI,ST
RB_BR_ML_MI_E_01.wav,Jiwoong,BR,ML,MI,E
RB_BR_ML_MI_E_02.wav,Jiwoong,BR,ML,MI,E
RB_BR_ML_MI_E_03.wav,Jiwoong,BR,ML,MI,E
RB_BR_ML_MI_E_04.wav,Jiwoong,BR,ML,MI,E
RB_BR_ML_MI_E_05.wav,Jiwoong,BR,ML,MI,E
RB_BR_ML_MI_E_06.wav,Jiwoong,BR,ML,MI,E
RB_BR_ML_MI_SR_01.wav,Jiwoong,BR,ML,MI,SR
RB_BR_ML_MI_SR_02.wav,Jiwoong,BR,ML,MI,SR
RB_BR_ML_MI_SR_03.wav,Jiwoong,BR,ML,MI,SR
RB_BR_ML_MI_SR_04.wav,Jiwoong,BR,ML,MI,SR
RB_BR_ML_MI_SR_05.wav,Jiwoong,BR,ML,MI,SR
RB_BR_ML_MI_SR_06.wav,Jiwoong,BR,ML,MI,SR
RB_BR_ML_MI_SR_07.wav,Jiwoong,BR,ML,MI,SR
RB_BR_ML_MI_SR_08.wav,Jiwoong,BR,ML,MI,SR
RB_BR_ML_MI_SR_09.wav,Jiwoong,BR,ML,MI,SR
RB_BR_ML_MI_C1_01.wav,Jiwoong,BR,ML,MI,C1
RB_BR_ML_MI_C1_02.wav,Jiwoong,BR,ML,MI,C1
RB_BR_ML_MI_C1_03.wav,Jiwoong,BR,ML,MI,C1
RB_BR_ML_MI_C1_04.wav,Jiwoong,BR,ML,MI,C1
RB_BR_ML_MI_C1_05.wav,Jiwoong,BR,ML,MI,C1
RB_BR_ML_MI_C1_06.wav,Jiwoong,BR,ML,MI,C1
RB_BR_ML_MI_C2_01.wav,Jiwoong,BR,ML,MI,C2
RB_BR_ML_MI_C2_02.wav,Jiwoong,BR,ML,MI,C2
RB_BR_ML_MI_C3_01.wav,Jiwoong,BR,ML,MI,C3
RB_BR_ML_MI_C3_02.wav,Jiwoong,BR,ML,MI,C3
RB_BR_ML_MI_C3_03.wav,Jiwoong,BR,ML,MI,C3
RB_BR_ML_MI_C3_04.wav,Jiwoong,BR,ML,MI,C3
RB_BR_ML_MI_C3_05.wav,Jiwoong,BR,ML,MI,C3
RB_BR_ML_MI_C3_06.wav,Jiwoong,BR,ML,MI,C3
RB_BR_ML_MI_T_01.wav,Jiwoong,BR,ML,MI,T
RB_BR_ML_MI_T_02.wav,Jiwoong,BR,ML,MI,T
RB_BR_ML_MI_T_03.wav,Jiwoong,BR,ML,MI,T
RB_BR_ML_CS_AL1_01.wav,Jiwoong,BR,ML,CS,AL1
RB_BR_ML_CS_AL1_02.wav,Jiwoong,BR,ML,CS,AL1
RB_BR_ML_CS_AL1_03.wav,Jiwoong,BR,ML,CS,AL1
RB_BR_ML_CS_AL2_01.wav,Jiwoong,BR,ML,CS,AL2
RB_BR_ML_CS_AL2_02.wav,Jiwoong,BR,ML,CS,AL2
RB_BR_ML_CS_AL2_03.wav,Jiwoong,BR,ML,CS,AL2
RB_BR_ML_CS_RS_01.wav,Jiwoong,BR,ML,CS,RS
RB_BR_ML_CS_RS_02.wav,Jiwoong,BR,ML,CS,RS
RB_BR_ML_CS_RS_03.wav,Jiwoong,BR,ML,CS,RS
RB_BR_ML_CS_RS_04.wav,Jiwoong,BR,ML,CS,RS
RB_BR_ML_CS_RS_05.wav,Jiwoong,BR,ML,CS,RS
RB_BR_ML_CS_RF_01.wav,Jiwoong,BR,ML,CS,RF
RB_BR_ML_CS_RF_02.wav,Jiwoong,BR,ML,CS,RF
RB_BR_ML_CS_RF_03.wav,Jiwoong,BR,ML,CS,RF
RB_BR_ML_CS_RF_04.wav,Jiwoong,BR,ML,CS,RF
RB_BR_ML_CS_RF_05.wav,Jiwoong,BR,ML,CS,RF
RB_BR_ML_CS_RF_06.wav,Jiwoong,BR,ML,CS,RF
RB_BR_ML_CS_RF_07.wav,Jiwoong,BR,ML,CS,RF
RB_BR_ML_CS_RF_08.wav,Jiwoong,BR,ML,CS,RF
RB_BR_ML_CS_CF_01.wav,Jiwoong,BR,ML,CS,CF
RB_BR_ML_CS_CF_02.wav,Jiwoong,BR,ML,CS,CF
RB_BR_ML_CS_CF_03.wav,Jiwoong,BR,ML,CS,CF
RB_BR_ML_CS_CF_04.wav,Jiwoong,BR,ML,CS,CF
RB_BR_ML_CS_CF_05.wav,Jiwoong,BR,ML,CS,CF
RB_BR_ML_CS_CF_06.wav,Jiwoong,BR,ML,CS,CF
RB_BR_ML_CS_CF_07.wav,Jiwoong,BR,ML,CS,CF
RB_BR_ML_CS_CF_08.wav,Jiwoong,BR,ML,CS,CF
RB_BR_ML_CS_CF_09.wav,Jiwoong,BR,ML,CS,CF
RB_BR_ML_CS_CS_01.wav,Jiwoong,BR,ML,CS,CS
RB_BR_ML_CS_CS_02.wav,Jiwoong,BR,ML,CS,CS
RB_BR_ML_CS_CS_03.wav,Jiwoong,BR,ML,CS,CS
RB_BR_ML_CS_CS_04.wav,Jiwoong,BR,ML,CS,CS
RB_BR_ML_CS_CS_05.wav,Jiwoong,BR,ML,CS,CS
RB_BR_ML_CS_CS_06.wav,Jiwoong,BR,ML,CS,CS
RB_BR_ML_CS_CS_07.wav,Jiwoong,BR,ML,CS,CS
RB_BR_ML_CS_CS_08.wav,Jiwoong,BR,ML,CS,CS
RB_BR_ML_CS_CS_09.wav,Jiwoong,BR,ML,CS,CS
RB_BR_ML_CS_CS_10.wav,Jiwoong,BR,ML,CS,CS
RB_BR_ML_OT_F_01.wav,Jiwoong,BR,ML,OT,F
RB_BR_ML_OT_F_02.wav,Jiwoong,BR,ML,OT,F
RB_BR_ML_OT_F_03.wav,Jiwoong,BR,ML,OT,F
RB_BR_ML_OT_F_04.wav,Jiwoong,BR,ML,OT,F
RB_BR_ML_OT_F_05.wav,Jiwoong,BR,ML,OT,F
RB_BR_ML_OT_F_06.wav,Jiwoong,BR,ML,OT,F
RB_BR_ML_OT_F_07.wav,Jiwoong,BR,ML,OT,F
RB_BR_ML_OT_F_08.wav,Jiwoong,BR,ML,OT,F
RB_BR_ML_OT_F_09.wav,Jiwoong,BR,ML,OT,F
RB_BR_ML_OT_F_10.wav,Jiwoong,BR,ML,OT,F
RB_BR_ML_OT_S_01.wav,Jiwoong,BR,ML,OT,S
RB_BR_ML_OT_S_02.wav,Jiwoong,BR,ML,OT,S
RB_BR_ML_OT_S_03.wav,Jiwoong,BR,ML,OT,S
RB_BR_ML_OT_S_04.wav,Jiwoong,BR,ML,OT,S
RB_BR_ML_OT_S_05.wav,Jiwoong,BR,ML,OT,S
RB_BR_ML_OT_S_06.wav,Jiwoong,BR,ML,OT,S
RB_BR_ML_OT_S_07.wav,Jiwoong,BR,ML,OT,S
RB_BR_ML_OT_S_08.wav,Jiwoong,BR,ML,OT,S
RB_BR_ML_OT_S_09.wav,Jiwoong,BR,ML,OT,S
RB_BR_ML_CO_D1_01.wav,Jiwoong,BR,ML,CO,D1
RB_BR_ML_CO_D2_01.wav,Jiwoong,BR,ML,CO,D2
RB_BR_ML_CO_D2_02.wav,Jiwoong,BR,ML,CO,D2
RB_BR_ML_CO_D2_03.wav,Jiwoong,BR,ML,CO,D2
RB_BR_ML_CO_D2_04.wav,Jiwoong,BR,ML,CO,D2
RB_BR_ML_CO_D2_05.wav,Jiwoong,BR,ML,CO,D2
RB_BR_ML_CO_D3_01.wav,Jiwoong,BR,ML,CO,D3
RB_BR_ML_CO_D3_02.wav,Jiwoong,BR,ML,CO,D3
RB_BR_ML_CO_D3_03.wav,Jiwoong,BR,ML,CO,D3
RB_BR_ML_CO_D3_04.wav,Jiwoong,BR,ML,CO,D3
RB_BR_FL_MI_T1_01.wav,Jiwoong,BR,FL,MI,T1
RB_BR_FL_MI_T2_01.wav,Jiwoong,BR,FL,MI,T2
RB_BR_FL_MI_T3_01.wav,Jiwoong,BR,FL,MI,T3
RB_BR_FL_MI_ST_01.wav,Jiwoong,BR,FL,MI,ST
RB_BR_FL_MI_E_01.wav,Jiwoong,BR,FL,MI,E
RB_BR_FL_MI_E_02.wav,Jiwoong,BR,FL,MI,E
RB_BR_FL_MI_E_03.wav,Jiwoong,BR,FL,MI,E
RB_BR_FL_MI_E_04.wav,Jiwoong,BR,FL,MI,E
RB_BR_FL_MI_E_05.wav,Jiwoong,BR,FL,MI,E
RB_BR_FL_MI_E_06.wav,Jiwoong,BR,FL,MI,E
RB_BR_FL_MI_SR_01.wav,Jiwoong,BR,FL,MI,SR
RB_BR_FL_MI_SR_02.wav,Jiwoong,BR,FL,MI,SR
RB_BR_FL_MI_SR_03.wav,Jiwoong,BR,FL,MI,SR
RB_BR_FL_MI_SR_04.wav,Jiwoong,BR,FL,MI,SR
RB_BR_FL_MI_SR_05.wav,Jiwoong,BR,FL,MI,SR
RB_BR_FL_MI_SR_06.wav,Jiwoong,BR,FL,MI,SR
RB_BR_FL_MI_SR_07.wav,Jiwoong,BR,FL,MI,SR
RB_BR_FL_MI_SR_08.wav,Jiwoong,BR,FL,MI,SR
RB_BR_FL_MI_SR_09.wav,Jiwoong,BR,FL,MI,SR
RB_BR_FL_MI_C1_01.wav,Jiwoong,BR,FL,MI,C1
RB_BR_FL_MI_C1_02.wav,Jiwoong,BR,FL,MI,C1
RB_BR_FL_MI_C1_03.wav,Jiwoong,BR,FL,MI,C1
RB_BR_FL_MI_C1_04.wav,Jiwoong,BR,FL,MI,C1
RB_BR_FL_MI_C1_05.wav,Jiwoong,BR,FL,MI,C1
RB_BR_FL_MI_C1_06.wav,Jiwoong,BR,FL,MI,C1
RB_BR_FL_MI_C2_01.wav,Jiwoong,BR,FL,MI,C2
RB_BR_FL_MI_C2_02.wav,Jiwoong,BR,FL,MI,C2
RB_BR_FL_MI_C3_01.wav,Jiwoong,BR,FL,MI,C3
RB_BR_FL_MI_C3_02.wav,Jiwoong,BR,FL,MI,C3
RB_BR_FL_MI_C3_03.wav,Jiwoong,BR,FL,MI,C3
RB_BR_FL_MI_C3_04.wav,Jiwoong,BR,FL,MI,C3
RB_BR_FL_MI_C3_05.wav,Jiwoong,BR,FL,MI,C3
RB_BR_FL_MI_C3_06.wav,Jiwoong,BR,FL,MI,C3
RB_BR_FL_MI_T_01.wav,Jiwoong,BR,FL,MI,T
RB_BR_FL_MI_T_02.wav,Jiwoong,BR,FL,MI,T
RB_BR_FL_MI_T_03.wav,Jiwoong,BR,FL,MI,T
RB_BR_FL_CS_AL1_01.wav,Jiwoong,BR,FL,CS,AL1
RB_BR_FL_CS_AL1_02.wav,Jiwoong,BR,FL,CS,AL1
RB_BR_FL_CS_AL1_03.wav,Jiwoong,BR,FL,CS,AL1
RB_BR_FL_CS_AL2_01.wav,Jiwoong,BR,FL,CS,AL2
RB_BR_FL_CS_AL2_02.wav,Jiwoong,BR,FL,CS,AL2
RB_BR_FL_CS_AL2_03.wav,Jiwoong,BR,FL,CS,AL2
RB_BR_FL_CS_RS_01.wav,Jiwoong,BR,FL,CS,RS
RB_BR_FL_CS_RS_02.wav,Jiwoong,BR,FL,CS,RS
RB_BR_FL_CS_RS_03.wav,Jiwoong,BR,FL,CS,RS
RB_BR_FL_CS_RS_04.wav,Jiwoong,BR,FL,CS,RS
RB_BR_FL_CS_RS_05.wav,Jiwoong,BR,FL,CS,RS
RB_BR_FL_CS_RF_01.wav,Jiwoong,BR,FL,CS,RF
RB_BR_FL_CS_RF_02.wav,Jiwoong,BR,FL,CS,RF
RB_BR_FL_CS_RF_03.wav,Jiwoong,BR,FL,CS,RF
RB_BR_FL_CS_RF_04.wav,Jiwoong,BR,FL,CS,RF
RB_BR_FL_CS_RF_05.wav,Jiwoong,BR,FL,CS,RF
RB_BR_FL_CS_RF_06.wav,Jiwoong,BR,FL,CS,RF
RB_BR_FL_CS_RF_07.wav,Jiwoong,BR,FL,CS,RF
RB_BR_FL_CS_RF_08.wav,Jiwoong,BR,FL,CS,RF
RB_BR_FL_CS_CF_01.wav,Jiwoong,BR,FL,CS,CF
RB_BR_FL_CS_CF_02.wav,Jiwoong,BR,FL,CS,CF
RB_BR_FL_CS_CF_03.wav,Jiwoong,BR,FL,CS,CF
RB_BR_FL_CS_CF_04.wav,Jiwoong,BR,FL,CS,CF
RB_BR_FL_CS_CF_05.wav,Jiwoong,BR,FL,CS,CF
RB_BR_FL_CS_CF_06.wav,Jiwoong,BR,FL,CS,CF
RB_BR_FL_CS_CF_07.wav,Jiwoong,BR,FL,CS,CF
RB_BR_FL_CS_CF_08.wav,Jiwoong,BR,FL,CS,CF
RB_BR_FL_CS_CF_09.wav,Jiwoong,BR,FL,CS,CF
RB_BR_FL_CS_CS_01.wav,Jiwoong,BR,FL,CS,CS
RB_BR_FL_CS_CS_02.wav,Jiwoong,BR,FL,CS,CS
RB_BR_FL_CS_CS_03.wav,Jiwoong,BR,FL,CS,CS
RB_BR_FL_CS_CS_04.wav,Jiwoong,BR,FL,CS,CS
RB_BR_FL_CS_CS_05.wav,Jiwoong,BR,FL,CS,CS
RB_BR_FL_CS_CS_06.wav,Jiwoong,BR,FL,CS,CS
RB_BR_FL_CS_CS_07.wav,Jiwoong,BR,FL,CS,CS
RB_BR_FL_CS_CS_08.wav,Jiwoong,BR,FL,CS,CS
RB_BR_FL_CS_CS_09.wav,Jiwoong,BR,FL,CS,CS
RB_BR_FL_CS_CS_10.wav,Jiwoong,BR,FL,CS,CS
RB_BR_FL_OT_F_01.wav,Jiwoong,BR,FL,OT,F
RB_BR_FL_OT_F_02.wav,Jiwoong,BR,FL,OT,F
RB_BR_FL_OT_F_03.wav,Jiwoong,BR,FL,OT,F
RB_BR_FL_OT_F_04.wav,Jiwoong,BR,FL,OT,F
RB_BR_FL_OT_F_05.wav,Jiwoong,BR,FL,OT,F
RB_BR_FL_OT_F_06.wav,Jiwoong,BR,FL,OT,F
RB_BR_FL_OT_F_07.wav,Jiwoong,BR,FL,OT,F
RB_BR_FL_OT_F_08.wav,Jiwoong,BR,FL,OT,F
RB_BR_FL_OT_F_09.wav,Jiwoong,BR,FL,OT,F
RB_BR_FL_OT_F_10.wav,Jiwoong,BR,FL,OT,F
RB_BR_FL_OT_S_01.wav,Jiwoong,BR,FL,OT,S
RB_BR_FL_OT_S_02.wav,Jiwoong,BR,FL,OT,S
RB_BR_FL_OT_S_03.wav,Jiwoong,BR,FL,OT,S
RB_BR_FL_OT_S_04.wav,Jiwoong,BR,FL,OT,S
RB_BR_FL_OT_S_05.wav,Jiwoong,BR,FL,OT,S
RB_BR_FL_OT_S_06.wav,Jiwoong,BR,FL,OT,S
RB_BR_FL_OT_S_07.wav,Jiwoong,BR,FL,OT,S
RB_BR_FL_OT_S_08.wav,Jiwoong,BR,FL,OT,S
RB_BR_FL_OT_S_09.wav,Jiwoong,BR,FL,OT,S
RB_BR_FL_CO_D1_01.wav,Jiwoong,BR,FL,CO,D1
RB_BR_FL_CO_D2_01.wav,Jiwoong,BR,FL,CO,D2
RB_BR_FL_CO_D2_02.wav,Jiwoong,BR,FL,CO,D2
RB_BR_FL_CO_D2_03.wav,Jiwoong,BR,FL,CO,D2
RB_BR_FL_CO_D2_04.wav,Jiwoong,BR,FL,CO,D2
RB_BR_FL_CO_D2_05.wav,Jiwoong,BR,FL,CO,D2
RB_BR_FL_CO_D3_01.wav,Jiwoong,BR,FL,CO,D3
RB_BR_FL_CO_D3_02.wav,Jiwoong,BR,FL,CO,D3
RB_BR_FL_CO_D3_03.wav,Jiwoong,BR,FL,CO,D3
RB_BR_FL_CO_D3_04.wav,Jiwoong,BR,FL,CO,D3
fin1.wav,Jiwoong,BR,P1,MI,FIN
fin2.wav,Jiwoong,BR,P1,MI,FIN
fin3.wav,Jiwoong,BR,P1,MI,FIN
fin4.wav,Jiwoong,BR,P1,MI,FIN
st1.wav,Jiwoong,BR,P1,MI,ST
st2.wav,Jiwoong,BR,P1,MI,ST
fin1.wav,Jiwoong,BR,P2,MI,FIN
fin2.wav,Jiwoong,BR,P2,MI,FIN
fin3.wav,Jiwoong,BR,P2,MI,FIN
fin4.wav,Jiwoong,BR,P2,MI,FIN
st1.wav,Jiwoong,BR,P2,MI,ST
st2.wav,Jiwoong,BR,P2,MI,ST
fin1.wav,Jiwoong,BR,ML,MI,FIN
fin2.wav,Jiwoong,BR,ML,MI,FIN
fin3.wav,Jiwoong,BR,ML,MI,FIN
fin4.wav,Jiwoong,BR,ML,MI,FIN
st1.wav,Jiwoong,BR,ML,MI,ST
st2.wav,Jiwoong,BR,ML,MI,ST
fin1.wav,Jiwoong,BR,FL,MI,FIN
fin2.wav,Jiwoong,BR,FL,MI,FIN
fin3.wav,Jiwoong,BR,FL,MI,FIN
fin4.wav,Jiwoong,BR,FL,MI,FIN
st1.wav,Jiwoong,BR,FL,MI,ST
st2.wav,Jiwoong,BR,FL,MI,ST
MI_T1_01.wav,Jiwoong,NV,,MI,T1
MI_T2_01.wav,Jiwoong,NV,,MI,T2
MI_T3_01.wav,Jiwoong,NV,,MI,T3
MI_ST_01.wav,Jiwoong,NV,,MI,ST
MI_ST_02.wav,Jiwoong,NV,,MI,ST
MI_ST_03.wav,Jiwoong,NV,,MI,ST
MI_ST_04.wav,Jiwoong,NV,,MI,ST
MI_ST_05.wav,Jiwoong,NV,,MI,ST
MI_ST_06.wav,Jiwoong,NV,,MI,ST
MI_ST_07.wav,Jiwoong,NV,,MI,ST
MI_ST_08.wav,Jiwoong,NV,,MI,ST
MI_ST_09.wav,Jiwoong,NV,,MI,ST
MI_E_01.wav,Jiwoong,NV,,MI,E
MI_E_02.wav,Jiwoong,NV,,MI,E
MI_E_03.wav,Jiwoong,NV,,MI,E
MI_E_04.wav,Jiwoong,NV,,MI,E
MI_E_05.wav,Jiwoong,NV,,MI,E
MI_E_06.wav,Jiwoong,NV,,MI,E
MI_E_07.wav,Jiwoong,NV,,MI,E
MI_E_08.wav,Jiwoong,NV,,MI,E
MI_SR_01.wav,Jiwoong,NV,,MI,SR
MI_SR_02.wav,Jiwoong,NV,,MI,SR
MI_SR_03.wav,Jiwoong,NV,,MI,SR
MI_SR_04.wav,Jiwoong,NV,,MI,SR
MI_SR_05.wav,Jiwoong,NV,,MI,SR
MI_SR_06.wav,Jiwoong,NV,,MI,SR
MI_SR_07.wav,Jiwoong,NV,,MI,SR
MI_SR_08.wav,Jiwoong,NV,,MI,SR
MI_SR_09.wav,Jiwoong,NV,,MI,SR
MI_SR_10.wav,Jiwoong,NV,,MI,SR
MI_C1_01.wav,Jiwoong,NV,,MI,C1
MI_C1_02.wav,Jiwoong,NV,,MI,C1
MI_C1_03.wav,Jiwoong,NV,,MI,C1
MI_C1_04.wav,Jiwoong,NV,,MI,C1
MI_C1_05.wav,Jiwoong,NV,,MI,C1
MI_C1_06.wav,Jiwoong,NV,,MI,C1
MI_C1_07.wav,Jiwoong,NV,,MI,C1
MI_C1_08.wav,Jiwoong,NV,,MI,C1
MI_C1_09.wav,Jiwoong,NV,,MI,C1
MI_C1_10.wav,Jiwoong,NV,,MI,C1
MI_C2_01.wav,Jiwoong,NV,,MI,C2
MI_C2_02.wav,Jiwoong,NV,,MI,C2
MI_C2_03.wav,Jiwoong,NV,,MI,C2
MI_C2_04.wav,Jiwoong,NV,,MI,C2
MI_C2_05.wav,Jiwoong,NV,,MI,C2
MI_C2_06.wav,Jiwoong,NV,,MI,C2
MI_C2_07.wav,Jiwoong,NV,,MI,C2
MI_C3_01.wav,Jiwoong,NV,,MI,C3
MI_C3_02.wav,Jiwoong,NV,,MI,C3
MI_C3_03.wav,Jiwoong,NV,,MI,C3
MI_C3_04.wav,Jiwoong,NV,,MI,C3
MI_C3_05.wav,Jiwoong,NV,,MI,C3
MI_C3_06.wav,Jiwoong,NV,,MI,C3
MI_C3_07.wav,Jiwoong,NV,,MI,C3
MI_C3_08.wav,Jiwoong,NV,,MI,C3
MI_C3_09.wav,Jiwoong,NV,,MI,C3
MI_C3_10.wav,Jiwoong,NV,,MI,C3
MI_T_01.wav,Jiwoong,NV,,MI,T
MI_T_02.wav,Jiwoong,NV,,MI,T
MI_T_03.wav,Jiwoong,NV,,MI,T
MI_T_04.wav,Jiwoong,NV,,MI,T
MI_T_05.wav,Jiwoong,NV,,MI,T
MI_T_06.wav,Jiwoong,NV,,MI,T
fin1.wav,Jiwoong,NV,,MI,FIN
fin2.wav,Jiwoong,NV,,MI,FIN
fin3.wav,Jiwoong,NV,,MI,FIN
fin4.wav,Jiwoong,NV,,MI,FIN
CS_AL2_01.wav,Jiwoong,NV,,CS,AL2
CS_AL2_02.wav,Jiwoong,NV,,CS,AL2
CS_AL2_03.wav,Jiwoong,NV,,CS,AL2
CS_AL1_01.wav,Jiwoong,NV,,CS,AL1
CS_AL1_02.wav,Jiwoong,NV,,CS,AL1
CS_AL1_03.wav,Jiwoong,NV,,CS,AL1
CS_RS_01.wav,Jiwoong,NV,,CS,RS
CS_RS_02.wav,Jiwoong,NV,,CS,RS
CS_RS_03.wav,Jiwoong,NV,,CS,RS
CS_RS_04.wav,Jiwoong,NV,,CS,RS
CS_RS_05.wav,Jiwoong,NV,,CS,RS
CS_RS_06.wav,Jiwoong,NV,,CS,RS
CS_RS_07.wav,Jiwoong,NV,,CS,RS
CS_RS_08.wav,Jiwoong,NV,,CS,RS
CS_RF_01.wav,Jiwoong,NV,,CS,RF
CS_RF_02.wav,Jiwoong,NV,,CS,RF
CS_RF_03.wav,Jiwoong,NV,,CS,RF
CS_RF_04.wav,Jiwoong,NV,,CS,RF
CS_RF_05.wav,Jiwoong,NV,,CS,RF
CS_RF_06.wav,Jiwoong,NV,,CS,RF
CS_RF_07.wav,Jiwoong,NV,,CS,RF
CS_RF_08.wav,Jiwoong,NV,,CS,RF
CS_RF_09.wav,Jiwoong,NV,,CS,RF
CS_RF_10.wav,Jiwoong,NV,,CS,RF
CS_CF_01.wav,Jiwoong,NV,,CS,CF
CS_CF_02.wav,Jiwoong,NV,,CS,CF
CS_CF_03.wav,Jiwoong,NV,,CS,CF
CS_CF_04.wav,Jiwoong,NV,,CS,CF
CS_CF_05.wav,Jiwoong,NV,,CS,CF
CS_CF_06.wav,Jiwoong,NV,,CS,CF
CS_CF_07.wav,Jiwoong,NV,,CS,CF
CS_CF_08.wav,Jiwoong,NV,,CS,CF
CS_CF_09.wav,Jiwoong,NV,,CS,CF
CS_CF_10.wav,Jiwoong,NV,,CS,CF
CS_CS_01.wav,Jiwoong,NV,,CS,CS
CS_CS_02.wav,Jiwoong,NV,,CS,CS
CS_CS_03.wav,Jiwoong,NV,,CS,CS
CS_CS_04.wav,Jiwoong,NV,,CS,CS
CS_CS_05.wav,Jiwoong,NV,,CS,CS
CS_CS_06.wav,Jiwoong,NV,,CS,CS
CS_CS_07.wav,Jiwoong,NV,,CS,CS
CS_CS_08.wav,Jiwoong,NV,,CS,CS
CS_CS_09.wav,Jiwoong,NV,,CS,CS
CS_CS_10.wav,Jiwoong,NV,,CS,CS
CS_CS_11.wav,Jiwoong,NV,,CS,CS
CS_CS_12.wav,Jiwoong,NV,,CS,CS
CS_CS_13.wav,Jiwoong,NV,,CS,CS
CS_CS_14.wav,Jiwoong,NV,,CS,CS
OT_F_01.wav,Jiwoong,NV,,OT,F
OT_F_02.wav,Jiwoong,NV,,OT,F
OT_F_03.wav,Jiwoong,NV,,OT,F
OT_F_04.wav,Jiwoong,NV,,OT,F
OT_F_05.wav,Jiwoong,NV,,OT,F
OT_F_06.wav,Jiwoong,NV,,OT,F
OT_F_07.wav,Jiwoong,NV,,OT,F
OT_F_08.wav,Jiwoong,NV,,OT,F
OT_F_09.wav,Jiwoong,NV,,OT,F
OT_F_10.wav,Jiwoong,NV,,OT,F
OT_F_11.wav,Jiwoong,NV,,OT,F
OT_S_01.wav,Jiwoong,NV,,OT,S
OT_S_02.wav,Jiwoong,NV,,OT,S
OT_S_03.wav,Jiwoong,NV,,OT,S
OT_S_04.wav,Jiwoong,NV,,OT,S
OT_S_05.wav,Jiwoong,NV,,OT,S
OT_S_06.wav,Jiwoong,NV,,OT,S
OT_S_07.wav,Jiwoong,NV,,OT,S
OT_S_08.wav,Jiwoong,NV,,OT,S
OT_S_09.wav,Jiwoong,NV,,OT,S
OT_S_10.wav,Jiwoong,NV,,OT,S
CO_D1_01.wav,Jiwoong,NV,,CO,D1
CO_D1_02.wav,Jiwoong,NV,,CO,D1
CO_D1_03.wav,Jiwoong,NV,,CO,D1
CO_D1_04.wav,Jiwoong,NV,,CO,D1
CO_D1_05.wav,Jiwoong,NV,,CO,D1
CO_D1_06.wav,Jiwoong,NV,,CO,D1
CO_D2_01.wav,Jiwoong,NV,,CO,D2
CO_D2_02.wav,Jiwoong,NV,,CO,D2
CO_D2_03.wav,Jiwoong,NV,,CO,D2
CO_D2_04.wav,Jiwoong,NV,,CO,D2
CO_D2_05.wav,Jiwoong,NV,,CO,D2
CO_D3_01.wav,Jiwoong,NV,,CO,D3
CO_D3_02.wav,Jiwoong,NV,,CO,D3
CO_D3_03.wav,Jiwoong,NV,,CO,D3
CO_D3_04.wav,Jiwoong,NV,,CO,D3
rand_01.wav,Jiwoong,NV,,RD,
rand_02.wav,Jiwoong,NV,,RD,
rand_03.wav,Jiwoong,NV,,RD,
rand_04.wav,Jiwoong,NV,,RD,
rand_05.wav,Jiwoong,NV,,RD,
rand_06.wav,Jiwoong,NV,,RD,
rand_07.wav,Jiwoong,NV,,RD,
rand_08.wav,Jiwoong,NV,,RD,
rand_09.wav,Jiwoong,NV,,RD,
rand_10.wav,Jiwoong,NV,,RD,
rand_11.wav,Jiwoong,NV,,RD,
rand_12.wav,Jiwoong,NV,,RD,
rand_13.wav,Jiwoong,NV,,RD,
rand_14.wav,Jiwoong,NV,,RD,
rand_15.wav,Jiwoong,NV,,RD,
rand_16.wav,Jiwoong,NV,,RD,
rand_17.wav,Jiwoong,NV,,RD,
rand_18.wav,Jiwoong,NV,,RD,
2.wav,Ari,NV,,OT,S
3.wav,Ari,NV,,OT,S
4.wav,Ari,NV,,OT,S
5.wav,Ari,NV,,OT,S
6.wav,Ari,NV,,OT,S
7.wav,Ari,NV,,OT,S
9.wav,Ari,NV,,OT,F
10.wav,Ari,NV,,OT,F
11.wav,Ari,NV,,OT,F
12.wav,Ari,NV,,OT,F
13.wav,Ari,NV,,OT,F
14.wav,Ari,NV,,OT,S
15.wav,Ari,NV,,OT,S
16.wav,Ari,NV,,OT,S
17.wav,Ari,NV,,OT,S
18.wav,Ari,NV,,OT,S
19.wav,Ari,NV,,OT,F
20.wav,Ari,NV,,OT,F
21.wav,Ari,NV,,OT,F
22.wav,Ari,NV,,OT,F
23.wav,Ari,NV,,OT,F
24.wav,Ari,NV,,OT,S
25.wav,Ari,NV,,OT,S
26.wav,Ari,NV,,OT,S
27.wav,Ari,NV,,OT,S
28.wav,Ari,NV,,OT,F
29.wav,Ari,NV,,OT,F
30.wav,Ari,NV,,OT,F
31.wav,Ari,NV,,OT,F
32.wav,Ari,NV,,OT,F
33.wav,Ari,NV,,CS,CS
34.wav,Ari,NV,,CS,CS
35.wav,Ari,NV,,CS,CS
36.wav,Ari,NV,,CS,CS
37.wav,Ari,NV,,CS,CS
38.wav,Ari,NV,,CS,CS
39.wav,Ari,NV,,CS,CS
40.wav,Ari,NV,,CS,CS
41.wav,Ari,NV,,CS,CF
42.wav,Ari,NV,,CS,CF
43.wav,Ari,NV,,CS,CF
44.wav,Ari,NV,,CS,CF
45.wav,Ari,NV,,CS,CF
46.wav,Ari,NV,,CS,RS
47.wav,Ari,NV,,CS,RS
48.wav,Ari,NV,,CS,RS
49.wav,Ari,NV,,CS,RF
50.wav,Ari,NV,,CS,RF
51.wav,Ari,NV,,CS,RF
52.wav,Ari,NV,,CS,RF
53.wav,Ari,NV,,CS,AL1
54.wav,Ari,NV,,CS,AL2
55.wav,Ari,NV,,CS,CS
56.wav,Ari,NV,,CS,CS
57.wav,Ari,NV,,CS,CS
58.wav,Ari,NV,,CS,CF
59.wav,Ari,NV,,CS,CF
60.wav,Ari,NV,,CS,CF
61.wav,Ari,NV,,CS,RS
62.wav,Ari,NV,,CS,RS
63.wav,Ari,NV,,CS,RS
64.wav,Ari,NV,,CS,RF
65.wav,Ari,NV,,CS,RF
66.wav,Ari,NV,,CS,RF
67.wav,Ari,NV,,CS,RF
68.wav,Ari,NV,,CS,RF
69.wav,Ari,NV,,CS,RF
70.wav,Ari,NV,,CS,CF
71.wav,Ari,NV,,CS,CF
72.wav,Ari,NV,,CS,CF
73.wav,Ari,NV,,CS,RS
74.wav,Ari,NV,,CS,RS
75.wav,Ari,NV,,CS,CS
76.wav,Ari,NV,,CS,CS
77.wav,Ari,NV,,CS,CS
78.wav,Ari,NV,,CO,D1
79.wav,Ari,NV,,CO,D1
80.wav,Ari,NV,,CO,D1
81.wav,Ari,NV,,CO,D2
82.wav,Ari,NV,,CO,D2
83.wav,Ari,NV,,CO,D2
84.wav,Ari,NV,,CO,D3
85.wav,Ari,NV,,CO,D3
86.wav,Ari,NV,,CO,D3
87.wav,Ari,NV,,CO,D1
88.wav,Ari,NV,,CO,D1
89.wav,Ari,NV,,CO,D1
90.wav,Ari,NV,,CO,D2
91.wav,Ari,NV,,CO,D2
92.wav,Ari,NV,,CO,D3
93.wav,Ari,NV,,CO,D3
94.wav,Ari,NV,,CO,D3
95.wav,Ari,NV,,MI,ST
96.wav,Ari,NV,,MI,ST
97.wav,Ari,NV,,MI,ST
98.wav,Ari,NV,,MI,E
99.wav,Ari,NV,,MI,E
100.wav,Ari,NV,,MI,E
101.wav,Ari,NV,,MI,C1
102.wav,Ari,NV,,MI,C1
103.wav,Ari,NV,,MI,C1
104.wav,Ari,NV,,MI,C1
105.wav,Ari,NV,,MI,C1
106.wav,Ari,NV,,MI,C2
107.wav,Ari,NV,,MI,C2
108.wav,Ari,NV,,MI,C3
109.wav,Ari,NV,,MI,C3
110.wav,Ari,NV,,MI,C3
111.wav,Ari,NV,,MI,C3
112.wav,Ari,NV,,MI,C3
113.wav,Ari,NV,,MI,T
114.wav,Ari,NV,,MI,T
115.wav,Ari,NV,,MI,SR
116.wav,Ari,NV,,MI,SR
117.wav,Ari,NV,,MI,SR
118.wav,Ari,NV,,MI,SR
119.wav,Ari,NV,,MI,ST
120.wav,Ari,NV,,MI,ST
121.wav,Ari,NV,,MI,ST
122.wav,Ari,NV,,MI,ST
123.wav,Ari,NV,,MI,E
124.wav,Ari,NV,,MI,E
125.wav,Ari,NV,,MI,E
126.wav,Ari,NV,,MI,C1
127.wav,Ari,NV,,MI,C1
128.wav,Ari,NV,,MI,C1
129.wav,Ari,NV,,MI,C2
130.wav,Ari,NV,,MI,C2
131.wav,Ari,NV,,MI,C2
132.wav,Ari,NV,,MI,C3
133.wav,Ari,NV,,MI,C3
134.wav,Ari,NV,,MI,C3
135.wav,Ari,NV,,MI,T
136.wav,Ari,NV,,MI,T
137.wav,Ari,NV,,MI,T
138.wav,Ari,NV,,MI,SR
139.wav,Ari,NV,,MI,SR
140.wav,Ari,NV,,MI,SR
141.wav,Ari,NV,,MI,ST
142.wav,Ari,NV,,MI,ST
143.wav,Ari,NV,,MI,T
144.wav,Ari,NV,,MI,C1
145.wav,Ari,NV,,MI,C1
146.wav,Ari,NV,,MI,C2
147.wav,Ari,NV,,MI,C2
148.wav,Ari,NV,,MI,C3
149.wav,Ari,NV,,MI,C3
150.wav,Ari,NV,,MI,T1
151.wav,Ari,NV,,MI,T2
152.wav,Ari,NV,,MI,T3
153.wav,Ari,NV,,MI,E
154.wav,Ari,NV,,MI,E
155.wav,Ari,NV,,MI,SR
156.wav,Ari,NV,,MI,SR
157.wav,Ari,NV,,MI,SR
158.wav,Ari,NV,,RD,
159.wav,Ari,NV,,RD,
160.wav,Ari,NV,,RD,
161.wav,Ari,NV,,RD,
162.wav,Ari,NV,,RD,
163.wav,Ari,NV,,RD,
164.wav,Ari,NV,,CS,AL1
165.wav,Ari,NV,,CS,AL1
166.wav,Ari,NV,,CS,AL2
167.wav,Ari,NV,,CS,AL2
168.wav,Ari,NV,,MI,FIN
169.wav,Ari,NV,,MI,FIN
174.wav,Ari,NV,,MI,FIN
175.wav,Ari,NV,,MI,FIN
176.wav,Ari,NV,,MI,FIN
177.wav,Ari,NV,,RD,
178.wav,Ari,NV,,RD,
179.wav,Ari,NV,,RD,
180.wav,Ari,NV,,RD,
181.wav,Ari,NV,,RD,
182.wav,Ari,NV,,RD,
183.wav,Ari,NV,,RD,
184.wav,Ari,NV,,RD,
185.wav,Ari,NV,,RD,
186.wav,Ari,NV,,RD,
187.wav,Ari,NV,,RD,
188.wav,Ari,NV,,RD,
189.wav,Ari,NV,,RD,
190.wav,Ari,NV,,RD,
191.wav,Ari,NV,,RD,
192.wav,Ari,NV,,RD,
193.wav,Ari,NV,,RD,
194.wav,Ari,NV,,RD,
195.wav,Ari,NV,,RD,
ari_half_2.wav,Ari_half,HFNV,,OT,S
ari_half_3.wav,Ari_half,HFNV,,OT,S
ari_half_4.wav,Ari_half,HFNV,,OT,S
ari_half_5.wav,Ari_half,HFNV,,OT,S
ari_half_6.wav,Ari_half,HFNV,,OT,S
ari_half_8.wav,Ari_half,HFNV,,OT,S
ari_half_9.wav,Ari_half,HFNV,,OT,F
ari_half_10.wav,Ari_half,HFNV,,OT,F
ari_half_11.wav,Ari_half,HFNV,,OT,F
ari_half_12.wav,Ari_half,HFNV,,OT,F
ari_half_13.wav,Ari_half,HFNV,,OT,F
ari_half_14.wav,Ari_half,HFNV,,OT,S
ari_half_15.wav,Ari_half,HFNV,,OT,S
ari_half_16.wav,Ari_half,HFNV,,OT,S
ari_half_17.wav,Ari_half,HFNV,,OT,S
ari_half_18.wav,Ari_half,HFNV,,OT,S
ari_half_19.wav,Ari_half,HFNV,,OT,F
ari_half_20.wav,Ari_half,HFNV,,OT,F
ari_half_21.wav,Ari_half,HFNV,,OT,F
ari_half_22.wav,Ari_half,HFNV,,OT,F
ari_half_23.wav,Ari_half,HFNV,,OT,F
ari_half_24.wav,Ari_half,HFNV,,OT,S
ari_half_25.wav,Ari_half,HFNV,,OT,S
ari_half_26.wav,Ari_half,HFNV,,OT,S
ari_half_27.wav,Ari_half,HFNV,,OT,S
ari_half_28.wav,Ari_half,HFNV,,OT,F
ari_half_29.wav,Ari_half,HFNV,,OT,F
ari_half_30.wav,Ari_half,HFNV,,OT,F
ari_half_31.wav,Ari_half,HFNV,,OT,F
ari_half_32.wav,Ari_half,HFNV,,OT,F
ari_half_33.wav,Ari_half,HFNV,,CS,CS
ari_half_34.wav,Ari_half,HFNV,,CS,CS
ari_half_35.wav,Ari_half,HFNV,,CS,CS
ari_half_36.wav,Ari_half,HFNV,,CS,CS
ari_half_37.wav,Ari_half,HFNV,,CS,CS
ari_half_38.wav,Ari_half,HFNV,,CS,CS
ari_half_39.wav,Ari_half,HFNV,,CS,CS
ari_half_40.wav,Ari_half,HFNV,,CS,CS
ari_half_41.wav,Ari_half,HFNV,,CS,CF
ari_half_42.wav,Ari_half,HFNV,,CS,CF
ari_half_43.wav,Ari_half,HFNV,,CS,CF
ari_half_44.wav,Ari_half,HFNV,,CS,CF
ari_half_45.wav,Ari_half,HFNV,,CS,CF
ari_half_46.wav,Ari_half,HFNV,,CS,RS
ari_half_47.wav,Ari_half,HFNV,,CS,RS
ari_half_48.wav,Ari_half,HFNV,,CS,RS
ari_half_49.wav,Ari_half,HFNV,,CS,RF
ari_half_50.wav,Ari_half,HFNV,,CS,RF
ari_half_51.wav,Ari_half,HFNV,,CS,RF
ari_half_52.wav,Ari_half,HFNV,,CS,RF
ari_half_53.wav,Ari_half,HFNV,,CS,AL1
ari_half_54.wav,Ari_half,HFNV,,CS,AL2
ari_half_55.wav,Ari_half,HFNV,,CS,AL1
ari_half_56.wav,Ari_half,HFNV,,CS,AL1
ari_half_57.wav,Ari_half,HFNV,,CS,AL2
ari_half_58.wav,Ari_half,HFNV,,CS,AL2
ari_half_59.wav,Ari_half,HFNV,,CS,CS
ari_half_60.wav,Ari_half,HFNV,,CS,CS
ari_half_61.wav,Ari_half,HFNV,,CS,CS
ari_half_62.wav,Ari_half,HFNV,,CS,CF
ari_half_63.wav,Ari_half,HFNV,,CS,CF
ari_half_64.wav,Ari_half,HFNV,,CS,CF
ari_half_65.wav,Ari_half,HFNV,,CS,RS
ari_half_66.wav,Ari_half,HFNV,,CS,RS
ari_half_67.wav,Ari_half,HFNV,,CS,RS
ari_half_68.wav,Ari_half,HFNV,,CS,RF
ari_half_69.wav,Ari_half,HFNV,,CS,RF
ari_half_70.wav,Ari_half,HFNV,,CS,RF
ari_half_71.wav,Ari_half,HFNV,,CS,RF
ari_half_72.wav,Ari_half,HFNV,,CS,RF
ari_half_73.wav,Ari_half,HFNV,,CS,RF
ari_half_74.wav,Ari_half,HFNV,,CS,CF
ari_half_75.wav,Ari_half,HFNV,,CS,CF
ari_half_76.wav,Ari_half,HFNV,,CS,CF
ari_half_77.wav,Ari_half,HFNV,,CS,RS
ari_half_78.wav,Ari_half,HFNV,,CS,RS
ari_half_79.wav,Ari_half,HFNV,,CS,CS
ari_half_80.wav,Ari_half,HFNV,,CS,CS
ari_half_81.wav,Ari_half,HFNV,,CS,CS
ari_half_82.wav,Ari_half,HFNV,,CO,D1
ari_half_83.wav,Ari_half,HFNV,,CO,D1
ari_half_84.wav,Ari_half,HFNV,,CO,D1
ari_half_85.wav,Ari_half,HFNV,,CO,D2
ari_half_86.wav,Ari_half,HFNV,,CO,D2
ari_half_87.wav,Ari_half,HFNV,,CO,D2
ari_half_88.wav,Ari_half,HFNV,,CO,D3
ari_half_89.wav,Ari_half,HFNV,,CO,D3
ari_half_90.wav,Ari_half,HFNV,,CO,D3
ari_half_91.wav,Ari_half,HFNV,,CO,D1
ari_half_92.wav,Ari_half,HFNV,,CO,D1
ari_half_93.wav,Ari_half,HFNV,,CO,D1
ari_half_94.wav,Ari_half,HFNV,,CO,D2
ari_half_95.wav,Ari_half,HFNV,,CO,D2
ari_half_96.wav,Ari_half,HFNV,,CO,D3
ari_half_97.wav,Ari_half,HFNV,,CO,D3
ari_half_98.wav,Ari_half,HFNV,,CO,D3
ari_half_99.wav,Ari_half,HFNV,,MI,ST
ari_half_100.wav,Ari_half,HFNV,,MI,ST
ari_half_101.wav,Ari_half,HFNV,,MI,ST
ari_half_102.wav,Ari_half,HFNV,,MI,E
ari_half_103.wav,Ari_half,HFNV,,MI,E
ari_half_104.wav,Ari_half,HFNV,,MI,E
ari_half_105.wav,Ari_half,HFNV,,MI,C1
ari_half_106.wav,Ari_half,HFNV,,MI,C1
ari_half_107.wav,Ari_half,HFNV,,MI,C1
ari_half_108.wav,Ari_half,HFNV,,MI,C1
ari_half_109.wav,Ari_half,HFNV,,MI,C1
ari_half_110.wav,Ari_half,HFNV,,MI,C2
ari_half_111.wav,Ari_half,HFNV,,MI,C2
ari_half_112.wav,Ari_half,HFNV,,MI,C3
ari_half_113.wav,Ari_half,HFNV,,MI,C3
ari_half_114.wav,Ari_half,HFNV,,MI,C3
ari_half_115.wav,Ari_half,HFNV,,MI,C3
ari_half_116.wav,Ari_half,HFNV,,MI,C3
ari_half_117.wav,Ari_half,HFNV,,MI,T
ari_half_118.wav,Ari_half,HFNV,,MI,T
ari_half_119.wav,Ari_half,HFNV,,MI,SR
ari_half_120.wav,Ari_half,HFNV,,MI,SR
ari_half_121.wav,Ari_half,HFNV,,MI,SR
ari_half_122.wav,Ari_half,HFNV,,MI,SR
ari_half_123.wav,Ari_half,HFNV,,MI,ST
ari_half_124.wav,Ari_half,HFNV,,MI,ST
ari_half_125.wav,Ari_half,HFNV,,MI,ST
ari_half_126.wav,Ari_half,HFNV,,MI,ST
ari_half_127.wav,Ari_half,HFNV,,MI,E
ari_half_128.wav,Ari_half,HFNV,,MI,E
ari_half_129.wav,Ari_half,HFNV,,MI,E
ari_half_130.wav,Ari_half,HFNV,,MI,C1
ari_half_131.wav,Ari_half,HFNV,,MI,C1
ari_half_132.wav,Ari_half,HFNV,,MI,C1
ari_half_133.wav,Ari_half,HFNV,,MI,C2
ari_half_134.wav,Ari_half,HFNV,,MI,C2
ari_half_135.wav,Ari_half,HFNV,,MI,C2
ari_half_136.wav,Ari_half,HFNV,,MI,C3
ari_half_137.wav,Ari_half,HFNV,,MI,C3
ari_half_138.wav,Ari_half,HFNV,,MI,C3
ari_half_139.wav,Ari_half,HFNV,,MI,T
ari_half_140.wav,Ari_half,HFNV,,MI,T
ari_half_141.wav,Ari_half,HFNV,,MI,T
ari_half_142.wav,Ari_half,HFNV,,MI,SR
ari_half_143.wav,Ari_half,HFNV,,MI,SR
ari_half_144.wav,Ari_half,HFNV,,MI,SR
ari_half_145.wav,Ari_half,HFNV,,MI,ST
ari_half_146.wav,Ari_half,HFNV,,MI,ST
ari_half_147.wav,Ari_half,HFNV,,MI,T
ari_half_148.wav,Ari_half,HFNV,,MI,C1
ari_half_149.wav,Ari_half,HFNV,,MI,C1
ari_half_150.wav,Ari_half,HFNV,,MI,C2
ari_half_151.wav,Ari_half,HFNV,,MI,C2
ari_half_152.wav,Ari_half,HFNV,,MI,C3
ari_half_153.wav,Ari_half,HFNV,,MI,C3
ari_half_154.wav,Ari_half,HFNV,,MI,T1
ari_half_155.wav,Ari_half,HFNV,,MI,T2
ari_half_156.wav,Ari_half,HFNV,,MI,T3
ari_half_157.wav,Ari_half,HFNV,,MI,E
ari_half_158.wav,Ari_half,HFNV,,MI,E
ari_half_159.wav,Ari_half,HFNV,,MI,SR
ari_half_160.wav,Ari_half,HFNV,,MI,SR
ari_half_161.wav,Ari_half,HFNV,,MI,SR
ari_half_162.wav,Ari_half,HFNV,,MI,FIN
ari_half_163.wav,Ari_half,HFNV,,MI,FIN
ari_half_168.wav,Ari_half,HFNV,,MI,FIN
ari_half_169.wav,Ari_half,HFNV,,MI,FIN
ari_half_174.wav,Ari_half,HFNV,,RD,
ari_half_175.wav,Ari_half,HFNV,,RD,
ari_half_176.wav,Ari_half,HFNV,,RD,
ari_half_177.wav,Ari_half,HFNV,,RD,
ari_half_178.wav,Ari_half,HFNV,,RD,
ari_half_179.wav,Ari_half,HFNV,,RD,
ari_half_180.wav,Ari_half,HFNV,,RD,
ari_half_181.wav,Ari_half,HFNV,,RD,
ari_half_182.wav,Ari_half,HFNV,,RD,
ari_half_183.wav,Ari_half,HFNV,,RD,
ari_half_184.wav,Ari_half,HFNV,,RD,
ari_half_185.wav,Ari_half,HFNV,,RD,
ari_half_186.wav,Ari_half,HFNV,,RD,
ari_half_187.wav,Ari_half,HFNV,,RD,
ari_half_188.wav,Ari_half,HFNV,,RD,
ari_half_189.wav,Ari_half,HFNV,,RD,
ari_half_190.wav,Ari_half,HFNV,,RD,
ari_half_191.wav,Ari_half,HFNV,,RD,
ari_half_192.wav,Ari_half,HFNV,,RD,
ari_half_193.wav,Ari_half,HFNV,,RD,
ari_half_194.wav,Ari_half,HFNV,,RD,
ari_half_195.wav,Ari_half,HFNV,,RD,
D-2.wav,Ari,BR,P1,OT,S
D-3.wav,Ari,BR,P1,OT,S
D-4.wav,Ari,BR,P1,OT,S
D-5.wav,Ari,BR,P1,OT,S
D-8.wav,Ari,BR,P1,OT,F
D-9.wav,Ari,BR,P1,OT,F
D-11.wav,Ari,BR,P1,OT,F
D-12.wav,Ari,BR,P1,OT,F
D-13.wav,Ari,BR,P1,OT,S
D-14.wav,Ari,BR,P1,OT,S
D-16.wav,Ari,BR,P1,OT,S
D-17.wav,Ari,BR,P1,OT,S
D-19.wav,Ari,BR,P1,OT,F
D-21.wav,Ari,BR,P1,OT,F
D-22.wav,Ari,BR,P1,OT,F
D-23.wav,Ari,BR,P1,OT,S
D-25.wav,Ari,BR,P1,OT,S
D-26.wav,Ari,BR,P1,OT,S
D-27.wav,Ari,BR,P1,OT,F
D-28.wav,Ari,BR,P1,OT,F
D-29.wav,Ari,BR,P1,OT,F
D-31.wav,Ari,BR,P1,OT,F
D-32.wav,Ari,BR,P1,CS,CS
D-33.wav,Ari,BR,P1,CS,CS
D-35.wav,Ari,BR,P1,CS,CS
D-36.wav,Ari,BR,P1,CS,CS
D-39.wav,Ari,BR,P1,CS,CS
D-40.wav,Ari,BR,P1,CS,CF
D-42.wav,Ari,BR,P1,CS,CF
D-43.wav,Ari,BR,P1,CS,CF
D-44.wav,Ari,BR,P1,CS,CF
D-47.wav,Ari,BR,P1,CS,RS
D-48.wav,Ari,BR,P1,CS,RF
D-49.wav,Ari,BR,P1,CS,RF
D-50.wav,Ari,BR,P1,CS,RF
D-52.wav,Ari,BR,P1,CS,AL1
D-53.wav,Ari,BR,P1,CS,AL2
D-54.wav,Ari,BR,P1,CS,CS
D-55.wav,Ari,BR,P1,CS,CS
D-57.wav,Ari,BR,P1,CS,CF
D-58.wav,Ari,BR,P1,CS,CF
D-59.wav,Ari,BR,P1,CS,CF
D-60.wav,Ari,BR,P1,CS,RS
D-61.wav,Ari,BR,P1,CS,RS
D-62.wav,Ari,BR,P1,CS,RS
D-63.wav,Ari,BR,P1,CS,RF
D-65.wav,Ari,BR,P1,CS,RF
D-66.wav,Ari,BR,P1,CS,RF
D-67.wav,Ari,BR,P1,CS,RF
D-68.wav,Ari,BR,P1,CS,RF
D-69.wav,Ari,BR,P1,CS,CF
D-71.wav,Ari,BR,P1,CS,CF
D-73.wav,Ari,BR,P1,CS,RS
D-74.wav,Ari,BR,P1,CS,CS
D-75.wav,Ari,BR,P1,CS,CS
D-76.wav,Ari,BR,P1,CS,CS
D-77.wav,Ari,BR,P1,CS,AL1
D-78.wav,Ari,BR,P1,CS,AL1
D-79.wav,Ari,BR,P1,CS,AL2
D-80.wav,Ari,BR,P1,CS,AL2
D-81.wav,Ari,BR,P1,MI,ST
D-84.wav,Ari,BR,P1,MI,E
D-86.wav,Ari,BR,P1,MI,E
D-87.wav,Ari,BR,P1,MI,C1
D-88.wav,Ari,BR,P1,MI,C1
D-89.wav,Ari,BR,P1,MI,C1
D-91.wav,Ari,BR,P1,MI,C1
D-93.wav,Ari,BR,P1,MI,C2
D-96.wav,Ari,BR,P1,MI,C3
D-97.wav,Ari,BR,P1,MI,C3
D-99.wav,Ari,BR,P1,MI,T
D-100.wav,Ari,BR,P1,MI,T
D-101.wav,Ari,BR,P1,MI,SR
D-102.wav,Ari,BR,P1,MI,SR
D-103.wav,Ari,BR,P1,MI,SR
D-104.wav,Ari,BR,P1,MI,SR
D-105.wav,Ari,BR,P1,MI,ST
D-106.wav,Ari,BR,P1,MI,ST
D-107.wav,Ari,BR,P1,MI,ST
D-108.wav,Ari,BR,P1,MI,ST
D-109.wav,Ari,BR,P1,MI,E
D-110.wav,Ari,BR,P1,MI,E
D-111.wav,Ari,BR,P1,MI,E
D-112.wav,Ari,BR,P1,MI,C1
D-113.wav,Ari,BR,P1,MI,C1
D-116.wav,Ari,BR,P1,MI,C2
D-118.wav,Ari,BR,P1,MI,C3
D-119.wav,Ari,BR,P1,MI,C3
D-120.wav,Ari,BR,P1,MI,C3
D-122.wav,Ari,BR,P1,MI,T
D-124.wav,Ari,BR,P1,MI,SR
D-125.wav,Ari,BR,P1,MI,SR
D-126.wav,Ari,BR,P1,MI,SR
D-127.wav,Ari,BR,P1,MI,ST
D-128.wav,Ari,BR,P1,MI,ST
D-135.wav,Ari,BR,P1,MI,C3
D-136.wav,Ari,BR,P1,MI,T1
D-137.wav,Ari,BR,P1,MI,T2
D-138.wav,Ari,BR,P1,MI,T3
D-139.wav,Ari,BR,P1,MI,E
D-141.wav,Ari,BR,P1,MI,SR
D-142.wav,Ari,BR,P1,MI,SR
D-145.wav,Ari,BR,P1,MI,FIN
D-150.wav,Ari,BR,P1,MI,FIN
D-151.wav,Ari,BR,P1,MI,FIN
D-152.wav,Ari,BR,P1,MI,FIN
D-155.wav,Ari,BR,P1,CO,D1
D-156.wav,Ari,BR,P1,CO,D2
D-157.wav,Ari,BR,P1,CO,D2
D-158.wav,Ari,BR,P1,CO,D2
D-159.wav,Ari,BR,P1,CO,D3
D-160.wav,Ari,BR,P1,CO,D3
D-161.wav,Ari,BR,P1,CO,D3
D-165.wav,Ari,BR,P1,CO,D2
D-166.wav,Ari,BR,P1,CO,D2
D-167.wav,Ari,BR,P1,CO,D3
D-169.wav,Ari,BR,P1,CO,D3
E-2.wav,Ari,BR,P2,OT,S
E-3.wav,Ari,BR,P2,OT,S
E-4.wav,Ari,BR,P2,OT,S
E-5.wav,Ari,BR,P2,OT,S
E-8.wav,Ari,BR,P2,OT,F
E-9.wav,Ari,BR,P2,OT,F
E-11.wav,Ari,BR,P2,OT,F
E-12.wav,Ari,BR,P2,OT,F
E-13.wav,Ari,BR,P2,OT,S
E-14.wav,Ari,BR,P2,OT,S
E-16.wav,Ari,BR,P2,OT,S
E-17.wav,Ari,BR,P2,OT,S
E-19.wav,Ari,BR,P2,OT,F
E-21.wav,Ari,BR,P2,OT,F
E-22.wav,Ari,BR,P2,OT,F
E-23.wav,Ari,BR,P2,OT,S
E-25.wav,Ari,BR,P2,OT,S
E-26.wav,Ari,BR,P2,OT,S
E-27.wav,Ari,BR,P2,OT,F
E-28.wav,Ari,BR,P2,OT,F
E-29.wav,Ari,BR,P2,OT,F
E-31.wav,Ari,BR,P2,OT,F
E-32.wav,Ari,BR,P2,CS,CS
E-33.wav,Ari,BR,P2,CS,CS
E-35.wav,Ari,BR,P2,CS,CS
E-36.wav,Ari,BR,P2,CS,CS
E-39.wav,Ari,BR,P2,CS,CS
E-40.wav,Ari,BR,P2,CS,CF
E-42.wav,Ari,BR,P2,CS,CF
E-43.wav,Ari,BR,P2,CS,CF
E-44.wav,Ari,BR,P2,CS,CF
E-47.wav,Ari,BR,P2,CS,RS
E-48.wav,Ari,BR,P2,CS,RF
E-49.wav,Ari,BR,P2,CS,RF
E-50.wav,Ari,BR,P2,CS,RF
E-52.wav,Ari,BR,P2,CS,AL1
E-53.wav,Ari,BR,P2,CS,AL2
E-54.wav,Ari,BR,P2,CS,CS
E-55.wav,Ari,BR,P2,CS,CS
E-57.wav,Ari,BR,P2,CS,CF
E-58.wav,Ari,BR,P2,CS,CF
E-59.wav,Ari,BR,P2,CS,CF
E-60.wav,Ari,BR,P2,CS,RS
E-61.wav,Ari,BR,P2,CS,RS
E-62.wav,Ari,BR,P2,CS,RS
E-63.wav,Ari,BR,P2,CS,RF
E-65.wav,Ari,BR,P2,CS,RF
E-66.wav,Ari,BR,P2,CS,RF
E-67.wav,Ari,BR,P2,CS,RF
E-68.wav,Ari,BR,P2,CS,RF
E-69.wav,Ari,BR,P2,CS,CF
E-71.wav,Ari,BR,P2,CS,CF
E-73.wav,Ari,BR,P2,CS,RS
E-74.wav,Ari,BR,P2,CS,CS
E-75.wav,Ari,BR,P2,CS,CS
E-76.wav,Ari,BR,P2,CS,CS
E-77.wav,Ari,BR,P2,CS,AL1
E-78.wav,Ari,BR,P2,CS,AL1
E-79.wav,Ari,BR,P2,CS,AL2
E-80.wav,Ari,BR,P2,CS,AL2
E-81.wav,Ari,BR,P2,MI,ST
E-84.wav,Ari,BR,P2,MI,E
E-86.wav,Ari,BR,P2,MI,E
E-87.wav,Ari,BR,P2,MI,C1
E-88.wav,Ari,BR,P2,MI,C1
E-89.wav,Ari,BR,P2,MI,C1
E-91.wav,Ari,BR,P2,MI,C1
E-93.wav,Ari,BR,P2,MI,C2
E-96.wav,Ari,BR,P2,MI,C3
E-97.wav,Ari,BR,P2,MI,C3
E-99.wav,Ari,BR,P2,MI,T
E-100.wav,Ari,BR,P2,MI,T
E-101.wav,Ari,BR,P2,MI,SR
E-102.wav,Ari,BR,P2,MI,SR
E-103.wav,Ari,BR,P2,MI,SR
E-104.wav,Ari,BR,P2,MI,SR
E-105.wav,Ari,BR,P2,MI,ST
E-106.wav,Ari,BR,P2,MI,ST
E-107.wav,Ari,BR,P2,MI,ST
E-108.wav,Ari,BR,P2,MI,ST
E-109.wav,Ari,BR,P2,MI,E
E-110.wav,Ari,BR,P2,MI,E
E-111.wav,Ari,BR,P2,MI,E
E-112.wav,Ari,BR,P2,MI,C1
E-113.wav,Ari,BR,P2,MI,C1
E-116.wav,Ari,BR,P2,MI,C2
E-118.wav,Ari,BR,P2,MI,C3
E-119.wav,Ari,BR,P2,MI,C3
E-120.wav,Ari,BR,P2,MI,C3
E-122.wav,Ari,BR,P2,MI,T
E-124.wav,Ari,BR,P2,MI,SR
E-125.wav,Ari,BR,P2,MI,SR
E-126.wav,Ari,BR,P2,MI,SR
E-127.wav,Ari,BR,P2,MI,ST
E-128.wav,Ari,BR,P2,MI,ST
E-135.wav,Ari,BR,P2,MI,C3
E-136.wav,Ari,BR,P2,MI,T1
E-137.wav,Ari,BR,P2,MI,T2
E-138.wav,Ari,BR,P2,MI,T3
E-139.wav,Ari,BR,P2,MI,E
E-141.wav,Ari,BR,P2,MI,SR
E-142.wav,Ari,BR,P2,MI,SR
E-145.wav,Ari,BR,P2,MI,FIN
E-150.wav,Ari,BR,P2,MI,FIN
E-151.wav,Ari,BR,P2,MI,FIN
E-152.wav,Ari,BR,P2,MI,FIN
E-155.wav,Ari,BR,P2,CO,D1
E-156.wav,Ari,BR,P2,CO,D2
E-157.wav,Ari,BR,P2,CO,D2
E-158.wav,Ari,BR,P2,CO,D2
E-159.wav,Ari,BR,P2,CO,D3
E-160.wav,Ari,BR,P2,CO,D3
E-161.wav,Ari,BR,P2,CO,D3
E-165.wav,Ari,BR,P2,CO,D2
E-166.wav,Ari,BR,P2,CO,D2
E-167.wav,Ari,BR,P2,CO,D3
E-169.wav,Ari,BR,P2,CO,D3
F-2.wav,Ari,BR,ML,OT,S
F-3.wav,Ari,BR,ML,OT,S
F-4.wav,Ari,BR,ML,OT,S
F-5.wav,Ari,BR,ML,OT,S
F-8.wav,Ari,BR,ML,OT,F
F-9.wav,Ari,BR,ML,OT,F
F-11.wav,Ari,BR,ML,OT,F
F-12.wav,Ari,BR,ML,OT,F
F-13.wav,Ari,BR,ML,OT,S
F-14.wav,Ari,BR,ML,OT,S
F-16.wav,Ari,BR,ML,OT,S
F-17.wav,Ari,BR,ML,OT,S
F-19.wav,Ari,BR,ML,OT,F
F-21.wav,Ari,BR,ML,OT,F
F-22.wav,Ari,BR,ML,OT,F
F-23.wav,Ari,BR,ML,OT,S
F-25.wav,Ari,BR,ML,OT,S
F-26.wav,Ari,BR,ML,OT,S
F-27.wav,Ari,BR,ML,OT,F
F-28.wav,Ari,BR,ML,OT,F
F-29.wav,Ari,BR,ML,OT,F
F-31.wav,Ari,BR,ML,OT,F
F-32.wav,Ari,BR,ML,CS,CS
F-33.wav,Ari,BR,ML,CS,CS
F-35.wav,Ari,BR,ML,CS,CS
F-36.wav,Ari,BR,ML,CS,CS
F-39.wav,Ari,BR,ML,CS,CS
F-40.wav,Ari,BR,ML,CS,CF
F-42.wav,Ari,BR,ML,CS,CF
F-43.wav,Ari,BR,ML,CS,CF
F-44.wav,Ari,BR,ML,CS,CF
F-47.wav,Ari,BR,ML,CS,RS
F-48.wav,Ari,BR,ML,CS,RF
F-49.wav,Ari,BR,ML,CS,RF
F-50.wav,Ari,BR,ML,CS,RF
F-52.wav,Ari,BR,ML,CS,AL1
F-53.wav,Ari,BR,ML,CS,AL2
F-54.wav,Ari,BR,ML,CS,CS
F-55.wav,Ari,BR,ML,CS,CS
F-57.wav,Ari,BR,ML,CS,CF
F-58.wav,Ari,BR,ML,CS,CF
F-59.wav,Ari,BR,ML,CS,CF
F-60.wav,Ari,BR,ML,CS,RS
F-61.wav,Ari,BR,ML,CS,RS
F-62.wav,Ari,BR,ML,CS,RS
F-63.wav,Ari,BR,ML,CS,RF
F-65.wav,Ari,BR,ML,CS,RF
F-66.wav,Ari,BR,ML,CS,RF
F-67.wav,Ari,BR,ML,CS,RF
F-68.wav,Ari,BR,ML,CS,RF
F-69.wav,Ari,BR,ML,CS,CF
F-71.wav,Ari,BR,ML,CS,CF
F-73.wav,Ari,BR,ML,CS,RS
F-74.wav,Ari,BR,ML,CS,CS
F-75.wav,Ari,BR,ML,CS,CS
F-76.wav,Ari,BR,ML,CS,CS
F-77.wav,Ari,BR,ML,CS,AL1
F-78.wav,Ari,BR,ML,CS,AL1
F-79.wav,Ari,BR,ML,CS,AL2
F-80.wav,Ari,BR,ML,CS,AL2
F-81.wav,Ari,BR,ML,MI,ST
F-84.wav,Ari,BR,ML,MI,E
F-86.wav,Ari,BR,ML,MI,E
F-87.wav,Ari,BR,ML,MI,C1
F-88.wav,Ari,BR,ML,MI,C1
F-89.wav,Ari,BR,ML,MI,C1
F-91.wav,Ari,BR,ML,MI,C1
F-93.wav,Ari,BR,ML,MI,C2
F-96.wav,Ari,BR,ML,MI,C3
F-97.wav,Ari,BR,ML,MI,C3
F-99.wav,Ari,BR,ML,MI,T
F-100.wav,Ari,BR,ML,MI,T
F-101.wav,Ari,BR,ML,MI,SR
F-102.wav,Ari,BR,ML,MI,SR
F-103.wav,Ari,BR,ML,MI,SR
F-104.wav,Ari,BR,ML,MI,SR
F-105.wav,Ari,BR,ML,MI,ST
F-106.wav,Ari,BR,ML,MI,ST
F-107.wav,Ari,BR,ML,MI,ST
F-108.wav,Ari,BR,ML,MI,ST
F-109.wav,Ari,BR,ML,MI,E
F-110.wav,Ari,BR,ML,MI,E
F-111.wav,Ari,BR,ML,MI,E
F-112.wav,Ari,BR,ML,MI,C1
F-113.wav,Ari,BR,ML,MI,C1
F-116.wav,Ari,BR,ML,MI,C2
F-118.wav,Ari,BR,ML,MI,C3
F-119.wav,Ari,BR,ML,MI,C3
F-120.wav,Ari,BR,ML,MI,C3
F-122.wav,Ari,BR,ML,MI,T
F-124.wav,Ari,BR,ML,MI,SR
F-125.wav,Ari,BR,ML,MI,SR
F-126.wav,Ari,BR,ML,MI,SR
F-127.wav,Ari,BR,ML,MI,ST
F-128.wav,Ari,BR,ML,MI,ST
F-135.wav,Ari,BR,ML,MI,C3
F-136.wav,Ari,BR,ML,MI,T1
F-137.wav,Ari,BR,ML,MI,T2
F-138.wav,Ari,BR,ML,MI,T3
F-139.wav,Ari,BR,ML,MI,E
F-141.wav,Ari,BR,ML,MI,SR
F-142.wav,Ari,BR,ML,MI,SR
F-145.wav,Ari,BR,ML,MI,FIN
F-150.wav,Ari,BR,ML,MI,FIN
F-151.wav,Ari,BR,ML,MI,FIN
F-152.wav,Ari,BR,ML,MI,FIN
F-155.wav,Ari,BR,ML,CO,D1
F-156.wav,Ari,BR,ML,CO,D2
F-157.wav,Ari,BR,ML,CO,D2
F-158.wav,Ari,BR,ML,CO,D2
F-159.wav,Ari,BR,ML,CO,D3
F-160.wav,Ari,BR,ML,CO,D3
F-161.wav,Ari,BR,ML,CO,D3
F-165.wav,Ari,BR,ML,CO,D2
F-166.wav,Ari,BR,ML,CO,D2
F-167.wav,Ari,BR,ML,CO,D3
F-169.wav,Ari,BR,ML,CO,D3
G-2.wav,Ari,BR,FL,OT,S
G-3.wav,Ari,BR,FL,OT,S
G-4.wav,Ari,BR,FL,OT,S
G-5.wav,Ari,BR,FL,OT,S
G-8.wav,Ari,BR,FL,OT,F
G-9.wav,Ari,BR,FL,OT,F
G-11.wav,Ari,BR,FL,OT,F
G-12.wav,Ari,BR,FL,OT,F
G-13.wav,Ari,BR,FL,OT,S
G-14.wav,Ari,BR,FL,OT,S
G-16.wav,Ari,BR,FL,OT,S
G-17.wav,Ari,BR,FL,OT,S
G-19.wav,Ari,BR,FL,OT,F
G-21.wav,Ari,BR,FL,OT,F
G-22.wav,Ari,BR,FL,OT,F
G-23.wav,Ari,BR,FL,OT,S
G-25.wav,Ari,BR,FL,OT,S
G-26.wav,Ari,BR,FL,OT,S
G-27.wav,Ari,BR,FL,OT,F
G-28.wav,Ari,BR,FL,OT,F
G-29.wav,Ari,BR,FL,OT,F
G-31.wav,Ari,BR,FL,OT,F
G-32.wav,Ari,BR,FL,CS,CS
G-33.wav,Ari,BR,FL,CS,CS
G-35.wav,Ari,BR,FL,CS,CS
G-36.wav,Ari,BR,FL,CS,CS
G-39.wav,Ari,BR,FL,CS,CS
G-40.wav,Ari,BR,FL,CS,CF
G-42.wav,Ari,BR,FL,CS,CF
G-43.wav,Ari,BR,FL,CS,CF
G-44.wav,Ari,BR,FL,CS,CF
G-47.wav,Ari,BR,FL,CS,RS
G-48.wav,Ari,BR,FL,CS,RF
G-49.wav,Ari,BR,FL,CS,RF
G-50.wav,Ari,BR,FL,CS,RF
G-52.wav,Ari,BR,FL,CS,AL1
G-53.wav,Ari,BR,FL,CS,AL2
G-54.wav,Ari,BR,FL,CS,CS
G-55.wav,Ari,BR,FL,CS,CS
G-57.wav,Ari,BR,FL,CS,CF
G-58.wav,Ari,BR,FL,CS,CF
G-59.wav,Ari,BR,FL,CS,CF
G-60.wav,Ari,BR,FL,CS,RS
G-61.wav,Ari,BR,FL,CS,RS
G-62.wav,Ari,BR,FL,CS,RS
G-63.wav,Ari,BR,FL,CS,RF
G-65.wav,Ari,BR,FL,CS,RF
G-66.wav,Ari,BR,FL,CS,RF
G-67.wav,Ari,BR,FL,CS,RF
G-68.wav,Ari,BR,FL,CS,RF
G-69.wav,Ari,BR,FL,CS,CF
G-71.wav,Ari,BR,FL,CS,CF
G-73.wav,Ari,BR,FL,CS,RS
G-74.wav,Ari,BR,FL,CS,CS
G-75.wav,Ari,BR,FL,CS,CS
G-76.wav,Ari,BR,FL,CS,CS
G-77.wav,Ari,BR,FL,CS,AL1
G-78.wav,Ari,BR,FL,CS,AL1
G-79.wav,Ari,BR,FL,CS,AL2
G-80.wav,Ari,BR,FL,CS,AL2
G-81.wav,Ari,BR,FL,MI,ST
G-84.wav,Ari,BR,FL,MI,E
G-86.wav,Ari,BR,FL,MI,E
G-87.wav,Ari,BR,FL,MI,C1
G-88.wav,Ari,BR,FL,MI,C1
G-89.wav,Ari,BR,FL,MI,C1
G-91.wav,Ari,BR,FL,MI,C1
G-93.wav,Ari,BR,FL,MI,C2
G-96.wav,Ari,BR,FL,MI,C3
G-97.wav,Ari,BR,FL,MI,C3
G-99.wav,Ari,BR,FL,MI,T
G-100.wav,Ari,BR,FL,MI,T
G-101.wav,Ari,BR,FL,MI,SR
G-102.wav,Ari,BR,FL,MI,SR
G-103.wav,Ari,BR,FL,MI,SR
G-104.wav,Ari,BR,FL,MI,SR
G-105.wav,Ari,BR,FL,MI,ST
G-106.wav,Ari,BR,FL,MI,ST
G-107.wav,Ari,BR,FL,MI,ST
G-108.wav,Ari,BR,FL,MI,ST
G-109.wav,Ari,BR,FL,MI,E
G-110.wav,Ari,BR,FL,MI,E
G-111.wav,Ari,BR,FL,MI,E
G-112.wav,Ari,BR,FL,MI,C1
G-113.wav,Ari,BR,FL,MI,C1
G-116.wav,Ari,BR,FL,MI,C2
G-118.wav,Ari,BR,FL,MI,C3
G-119.wav,Ari,BR,FL,MI,C3
G-120.wav,Ari,BR,FL,MI,C3
G-122.wav,Ari,BR,FL,MI,T
G-124.wav,Ari,BR,FL,MI,SR
G-125.wav,Ari,BR,FL,MI,SR
G-126.wav,Ari,BR,FL,MI,SR
G-127.wav,Ari,BR,FL,MI,ST
G-128.wav,Ari,BR,FL,MI,ST
G-135.wav,Ari,BR,FL,MI,C3
G-136.wav,Ari,BR,FL,MI,T1
G-137.wav,Ari,BR,FL,MI,T2
G-138.wav,Ari,BR,FL,MI,T3
G-139.wav,Ari,BR,FL,MI,E
G-141.wav,Ari,BR,FL,MI,SR
G-142.wav,Ari,BR,FL,MI,SR
G-145.wav,Ari,BR,FL,MI,FIN
G-150.wav,Ari,BR,FL,MI,FIN
G-151.wav,Ari,BR,FL,MI,FIN
G-152.wav,Ari,BR,FL,MI,FIN
G-155.wav,Ari,BR,FL,CO,D1
G-156.wav,Ari,BR,FL,CO,D2
G-157.wav,Ari,BR,FL,CO,D2
G-158.wav,Ari,BR,FL,CO,D2
G-159.wav,Ari,BR,FL,CO,D3
G-160.wav,Ari,BR,FL,CO,D3
G-161.wav,Ari,BR,FL,CO,D3
G-165.wav,Ari,BR,FL,CO,D2
G-166.wav,Ari,BR,FL,CO,D2
G-167.wav,Ari,BR,FL,CO,D3
G-169.wav,Ari,BR,FL,CO,D3
1-2.wav,Furby,BR,P1,OT,S
1-3.wav,Furby,BR,P1,OT,S
1-4.wav,Furby,BR,P1,OT,S
1-5.wav,Furby,BR,P1,OT,S
1-8.wav,Furby,BR,P1,OT,F
1-9.wav,Furby,BR,P1,OT,F
1-11.wav,Furby,BR,P1,OT,F
1-12.wav,Furby,BR,P1,OT,F
1-13.wav,Furby,BR,P1,OT,S
1-14.wav,Furby,BR,P1,OT,S
1-16.wav,Furby,BR,P1,OT,S
1-17.wav,Furby,BR,P1,OT,S
1-19.wav,Furby,BR,P1,OT,F
1-21.wav,Furby,BR,P1,OT,F
1-22.wav,Furby,BR,P1,OT,F
1-25.wav,Furby,BR,P1,OT,S
1-26.wav,Furby,BR,P1,OT,S
1-27.wav,Furby,BR,P1,OT,F
1-28.wav,Furby,BR,P1,OT,F
1-29.wav,Furby,BR,P1,OT,F
1-31.wav,Furby,BR,P1,OT,F
1-32.wav,Furby,BR,P1,CS,CS
1-33.wav,Furby,BR,P1,CS,CS
1-35.wav,Furby,BR,P1,CS,CS
1-36.wav,Furby,BR,P1,CS,CS
1-40.wav,Furby,BR,P1,CS,CF
1-42.wav,Furby,BR,P1,CS,CF
1-43.wav,Furby,BR,P1,CS,CF
1-44.wav,Furby,BR,P1,CS,CF
1-47.wav,Furby,BR,P1,CS,RS
1-49.wav,Furby,BR,P1,CS,RF
1-50.wav,Furby,BR,P1,CS,RF
1-52.wav,Furby,BR,P1,CS,AL1
1-53.wav,Furby,BR,P1,CS,AL2
1-54.wav,Furby,BR,P1,CS,CS
1-55.wav,Furby,BR,P1,CS,CS
1-57.wav,Furby,BR,P1,CS,CF
1-58.wav,Furby,BR,P1,CS,CF
1-59.wav,Furby,BR,P1,CS,CF
1-61.wav,Furby,BR,P1,CS,RS
1-62.wav,Furby,BR,P1,CS,RS
1-63.wav,Furby,BR,P1,CS,RF
1-65.wav,Furby,BR,P1,CS,RF
1-66.wav,Furby,BR,P1,CS,RF
1-67.wav,Furby,BR,P1,CS,RF
1-68.wav,Furby,BR,P1,CS,RF
1-69.wav,Furby,BR,P1,CS,CF
1-71.wav,Furby,BR,P1,CS,CF
1-73.wav,Furby,BR,P1,CS,RS
1-74.wav,Furby,BR,P1,CS,CS
1-75.wav,Furby,BR,P1,CS,CS
1-76.wav,Furby,BR,P1,CS,CS
1-77.wav,Furby,BR,P1,CS,AL1
1-78.wav,Furby,BR,P1,CS,AL1
1-79.wav,Furby,BR,P1,CS,AL2
1-81.wav,Furby,BR,P1,MI,ST
1-84.wav,Furby,BR,P1,MI,E
1-86.wav,Furby,BR,P1,MI,E
1-87.wav,Furby,BR,P1,MI,C1
1-88.wav,Furby,BR,P1,MI,C1
1-89.wav,Furby,BR,P1,MI,C1
1-91.wav,Furby,BR,P1,MI,C1
1-93.wav,Furby,BR,P1,MI,C2
1-96.wav,Furby,BR,P1,MI,C3
1-97.wav,Furby,BR,P1,MI,C3
1-99.wav,Furby,BR,P1,MI,T
1-100.wav,Furby,BR,P1,MI,T
1-101.wav,Furby,BR,P1,MI,SR
1-102.wav,Furby,BR,P1,MI,SR
1-103.wav,Furby,BR,P1,MI,SR
1-104.wav,Furby,BR,P1,MI,SR
1-105.wav,Furby,BR,P1,MI,ST
1-106.wav,Furby,BR,P1,MI,ST
1-107.wav,Furby,BR,P1,MI,ST
1-108.wav,Furby,BR,P1,MI,ST
1-109.wav,Furby,BR,P1,MI,E
1-110.wav,Furby,BR,P1,MI,E
1-111.wav,Furby,BR,P1,MI,E
1-112.wav,Furby,BR,P1,MI,C1
1-113.wav,Furby,BR,P1,MI,C1
1-116.wav,Furby,BR,P1,MI,C2
1-118.wav,Furby,BR,P1,MI,C3
1-119.wav,Furby,BR,P1,MI,C3
1-120.wav,Furby,BR,P1,MI,C3
1-122.wav,Furby,BR,P1,MI,T
1-124.wav,Furby,BR,P1,MI,SR
1-125.wav,Furby,BR,P1,MI,SR
1-126.wav,Furby,BR,P1,MI,SR
1-127.wav,Furby,BR,P1,MI,ST
1-128.wav,Furby,BR,P1,MI,ST
1-135.wav,Furby,BR,P1,MI,C3
1-136.wav,Furby,BR,P1,MI,T1
1-137.wav,Furby,BR,P1,MI,T2
1-138.wav,Furby,BR,P1,MI,T3
1-139.wav,Furby,BR,P1,MI,E
1-141.wav,Furby,BR,P1,MI,SR
1-142.wav,Furby,BR,P1,MI,SR
1-145.wav,Furby,BR,P1,MI,FIN
1-150.wav,Furby,BR,P1,MI,FIN
1-151.wav,Furby,BR,P1,MI,FIN
1-152.wav,Furby,BR,P1,MI,FIN
1-155.wav,Furby,BR,P1,CO,D1
1-156.wav,Furby,BR,P1,CO,D2
1-157.wav,Furby,BR,P1,CO,D2
1-158.wav,Furby,BR,P1,CO,D2
1-159.wav,Furby,BR,P1,CO,D3
1-160.wav,Furby,BR,P1,CO,D3
1-161.wav,Furby,BR,P1,CO,D3
1-166.wav,Furby,BR,P1,CO,D2
1-167.wav,Furby,BR,P1,CO,D3
1-169.wav,Furby,BR,P1,CO,D3
2-2.wav,Furby,BR,P2,OT,S
2-3.wav,Furby,BR,P2,OT,S
2-4.wav,Furby,BR,P2,OT,S
2-5.wav,Furby,BR,P2,OT,S
2-8.wav,Furby,BR,P2,OT,F
2-9.wav,Furby,BR,P2,OT,F
2-11.wav,Furby,BR,P2,OT,F
2-12.wav,Furby,BR,P2,OT,F
2-13.wav,Furby,BR,P2,OT,S
2-14.wav,Furby,BR,P2,OT,S
2-16.wav,Furby,BR,P2,OT,S
2-17.wav,Furby,BR,P2,OT,S
2-19.wav,Furby,BR,P2,OT,F
2-21.wav,Furby,BR,P2,OT,F
2-22.wav,Furby,BR,P2,OT,F
2-23.wav,Furby,BR,P2,OT,S
2-25.wav,Furby,BR,P2,OT,S
2-26.wav,Furby,BR,P2,OT,S
2-27.wav,Furby,BR,P2,OT,F
2-28.wav,Furby,BR,P2,OT,F
2-29.wav,Furby,BR,P2,OT,F
2-31.wav,Furby,BR,P2,OT,F
2-32.wav,Furby,BR,P2,CS,CS
2-33.wav,Furby,BR,P2,CS,CS
2-35.wav,Furby,BR,P2,CS,CS
2-36.wav,Furby,BR,P2,CS,CS
2-39.wav,Furby,BR,P2,CS,CS
2-40.wav,Furby,BR,P2,CS,CF
2-42.wav,Furby,BR,P2,CS,CF
2-43.wav,Furby,BR,P2,CS,CF
2-44.wav,Furby,BR,P2,CS,CF
2-47.wav,Furby,BR,P2,CS,RS
2-49.wav,Furby,BR,P2,CS,RF
2-50.wav,Furby,BR,P2,CS,RF
2-52.wav,Furby,BR,P2,CS,AL1
2-53.wav,Furby,BR,P2,CS,AL2
2-54.wav,Furby,BR,P2,CS,CS
2-55.wav,Furby,BR,P2,CS,CS
2-57.wav,Furby,BR,P2,CS,CF
2-58.wav,Furby,BR,P2,CS,CF
2-59.wav,Furby,BR,P2,CS,CF
2-60.wav,Furby,BR,P2,CS,RS
2-61.wav,Furby,BR,P2,CS,RS
2-62.wav,Furby,BR,P2,CS,RS
2-65.wav,Furby,BR,P2,CS,RF
2-67.wav,Furby,BR,P2,CS,RF
2-68.wav,Furby,BR,P2,CS,RF
2-69.wav,Furby,BR,P2,CS,CF
2-71.wav,Furby,BR,P2,CS,CF
2-73.wav,Furby,BR,P2,CS,RS
2-75.wav,Furby,BR,P2,CS,CS
2-78.wav,Furby,BR,P2,CS,AL1
2-79.wav,Furby,BR,P2,CS,AL2
2-80.wav,Furby,BR,P2,CS,AL2
2-81.wav,Furby,BR,P2,MI,ST
2-84.wav,Furby,BR,P2,MI,E
2-86.wav,Furby,BR,P2,MI,E
2-87.wav,Furby,BR,P2,MI,C1
2-89.wav,Furby,BR,P2,MI,C1
2-91.wav,Furby,BR,P2,MI,C1
2-93.wav,Furby,BR,P2,MI,C2
2-97.wav,Furby,BR,P2,MI,C3
2-99.wav,Furby,BR,P2,MI,T
2-100.wav,Furby,BR,P2,MI,T
2-101.wav,Furby,BR,P2,MI,SR
2-102.wav,Furby,BR,P2,MI,SR
2-103.wav,Furby,BR,P2,MI,SR
2-104.wav,Furby,BR,P2,MI,SR
2-105.wav,Furby,BR,P2,MI,ST
2-106.wav,Furby,BR,P2,MI,ST
2-108.wav,Furby,BR,P2,MI,ST
2-109.wav,Furby,BR,P2,MI,E
2-110.wav,Furby,BR,P2,MI,E
2-111.wav,Furby,BR,P2,MI,E
2-112.wav,Furby,BR,P2,MI,C1
2-113.wav,Furby,BR,P2,MI,C1
2-116.wav,Furby,BR,P2,MI,C2
2-118.wav,Furby,BR,P2,MI,C3
2-120.wav,Furby,BR,P2,MI,C3
2-122.wav,Furby,BR,P2,MI,T
2-124.wav,Furby,BR,P2,MI,SR
2-125.wav,Furby,BR,P2,MI,SR
2-126.wav,Furby,BR,P2,MI,SR
2-127.wav,Furby,BR,P2,MI,ST
2-128.wav,Furby,BR,P2,MI,ST
2-135.wav,Furby,BR,P2,MI,C3
2-136.wav,Furby,BR,P2,MI,T1
2-137.wav,Furby,BR,P2,MI,T2
2-138.wav,Furby,BR,P2,MI,T3
2-139.wav,Furby,BR,P2,MI,E
2-141.wav,Furby,BR,P2,MI,SR
2-142.wav,Furby,BR,P2,MI,SR
2-145.wav,Furby,BR,P2,MI,FIN
2-150.wav,Furby,BR,P2,MI,FIN
2-151.wav,Furby,BR,P2,MI,FIN
2-152.wav,Furby,BR,P2,MI,FIN
2-155.wav,Furby,BR,P2,CO,D1
2-156.wav,Furby,BR,P2,CO,D2
2-157.wav,Furby,BR,P2,CO,D2
2-158.wav,Furby,BR,P2,CO,D2
2-159.wav,Furby,BR,P2,CO,D3
2-160.wav,Furby,BR,P2,CO,D3
2-161.wav,Furby,BR,P2,CO,D3
2-165.wav,Furby,BR,P2,CO,D2
2-166.wav,Furby,BR,P2,CO,D2
2-167.wav,Furby,BR,P2,CO,D3
2-169.wav,Furby,BR,P2,CO,D3
slow01.wav,Ari,NV,,MI,SL
slow02.wav,Ari,NV,,MI,SL
slow01M.wav,Jiwoong,NV,,MI,SL
slow02M.wav,Jiwoong,NV,,MI,SL
win_1.wav,Furby,BR,P1,RS,WIN
win_2.wav,Furby,BR,P2,RS,WIN
left-1.wav,Ari,NV,,RS,WIN
left-2.wav,Ari,NV,,RS,WIN
left-3.wav,Ari,NV,,RS,WIN
left-4.wav,Ari,NV,,RS,LOSE
left-5.wav,Ari,NV,,RS,LOSE
left-6.wav,Ari,NV,,MI,SL
left-7.wav,Ari,NV,,MI,SL
left-8.wav,Ari,NV,,MI,SL
left-9.wav,Ari,NV,,MI,SL
left-10.wav,Ari,NV,,MI,FAST
left-11.wav,Ari,NV,,MI,FAST
right-1.wav,Ari,BR,P1,RS,WIN
right-2.wav,Ari,BR,P2,RS,WIN
right-3.wav,Ari,BR,P1,RS,WIN
right-4.wav,Ari,BR,P2,RS,WIN
right-5.wav,Ari,BR,P1,RS,LOSE
right-6.wav,Ari,BR,P2,RS,LOSE
right-7.wav,Ari,BR,P1,RS,LOSE
right-8.wav,Ari,BR,P2,RS,LOSE
right-9.wav,Ari,BR,P1,MI,FAST
right-10.wav,Ari,BR,P2,MI,FAST
before_start_short.wav,Furby,BR,,RS,BS
1-100.wav,Furby,BR,,RE,INT
1-101.wav,Furby,BR,,RE,R1
1-102.wav,Furby,BR,,RE,R2
1-103.wav,Furby,BR,,RE,GS
1-104.wav,Furby,BR,,PB,PB
intro.wav,,,,,
ready_1.wav,,,,,
ready_2.wav,,,,,
game_start.wav,,,,,
problem.wav,,,,,
